date;P_mm;Q_inf_LH;Q_ruiss_LH
2024-02-25 18:42:00;0.0;0.0;0.0
2024-02-25 18:44:00;0.0;0.0;0.0
2024-02-25 18:46:00;0.0;0.0;0.0
2024-02-25 18:48:00;0.0;0.0;0.0
2024-02-25 18:50:00;0.0;0.0;0.0
2024-02-25 18:52:00;0.0;0.0;0.0
2024-02-25 18:54:00;0.0;0.0;0.6
2024-02-25 18:56:00;0.0;0.0;0.0
2024-02-25 18:58:00;0.0;0.0;0.0
2024-02-25 19:00:00;0.0;0.0;0.0
2024-02-25 19:02:00;0.0;0.0;0.0
2024-02-25 19:04:00;0.0;0.0;0.6
2024-02-25 19:06:00;0.0;0.0;0.0
2024-02-25 19:08:00;0.0;0.0;0.0
2024-02-25 19:10:00;0.0;0.0;0.0
2024-02-25 19:12:00;0.0;0.0;0.0
2024-02-25 19:14:00;0.0;0.0;0.0
2024-02-25 19:16:00;0.0;0.0;0.0
2024-02-25 19:18:00;0.0;0.0;0.0
2024-02-25 19:20:00;0.0;0.0;0.0
2024-02-25 19:22:00;0.0;0.0;0.0
2024-02-25 19:24:00;0.0;0.0;0.0
2024-02-25 19:26:00;0.0;0.0;0.0
2024-02-25 19:28:00;0.0;0.0;0.6
2024-02-25 19:30:00;0.0;0.0;0.0
2024-02-25 19:32:00;0.0;0.0;0.6
2024-02-25 19:34:00;0.0;0.0;0.0
2024-02-25 19:36:00;0.0;0.0;0.0
2024-02-25 19:38:00;0.0;0.0;0.0
2024-02-25 19:40:00;0.0;0.0;0.0
2024-02-25 19:42:00;0.249;0.0;0.0
2024-02-25 19:44:00;0.0;0.0;0.0
2024-02-25 19:46:00;0.0;0.0;0.0
2024-02-25 19:48:00;0.0;0.0;0.0
2024-02-25 19:50:00;0.249;0.0;0.0
2024-02-25 19:52:00;0.0;0.0;0.0
2024-02-25 19:54:00;0.0;0.0;0.0
2024-02-25 19:56:00;0.0;0.0;0.0
2024-02-25 19:58:00;0.0;0.0;0.0
2024-02-25 20:00:00;0.249;0.0;0.0
2024-02-25 20:02:00;0.0;0.0;2.4
2024-02-25 20:04:00;0.0;0.0;7.8
2024-02-25 20:06:00;0.0;0.0;5.4
2024-02-25 20:08:00;0.0;0.0;7.2
2024-02-25 20:10:00;0.249;0.0;23.4
2024-02-25 20:12:00;0.0;0.0;28.8
2024-02-25 20:14:00;0.0;0.0;29.4
2024-02-25 20:16:00;0.0;0.0;30.6
2024-02-25 20:18:00;0.0;0.0;30.0
2024-02-25 20:20:00;0.0;0.0;18.6
2024-02-25 20:22:00;0.0;0.0;15.6
2024-02-25 20:24:00;0.0;0.0;15.0
2024-02-25 20:26:00;0.0;1.2;31.8
2024-02-25 20:28:00;0.0;0.0;27.6
2024-02-25 20:30:00;0.0;0.0;24.6
2024-02-25 20:32:00;0.0;1.2;25.2
2024-02-25 20:34:00;0.0;0.0;22.8
2024-02-25 20:36:00;0.249;1.2;33.6
2024-02-25 20:38:00;0.0;1.2;22.2
2024-02-25 20:40:00;0.0;0.0;14.4
2024-02-25 20:42:00;0.0;1.2;12.0
2024-02-25 20:44:00;0.0;1.2;16.8
2024-02-25 20:46:00;0.0;0.0;10.2
2024-02-25 20:48:00;0.0;1.2;7.2
2024-02-25 20:50:00;0.0;1.2;12.6
2024-02-25 20:52:00;0.0;1.2;7.8
2024-02-25 20:54:00;0.0;0.0;8.4
2024-02-25 20:56:00;0.0;1.2;6.6
2024-02-25 20:58:00;0.0;1.2;5.4
2024-02-25 21:00:00;0.0;1.2;3.0
2024-02-25 21:02:00;0.0;1.2;2.4
2024-02-25 21:04:00;0.0;0.0;2.4
2024-02-25 21:06:00;0.0;1.2;1.2
2024-02-25 21:08:00;0.0;1.2;0.6
2024-02-25 21:10:00;0.0;1.2;0.0
2024-02-25 21:12:00;0.0;1.2;0.0
2024-02-25 21:14:00;0.0;0.0;1.2
2024-02-25 21:16:00;0.0;1.2;0.0
2024-02-25 21:18:00;0.0;1.2;0.0
2024-02-25 21:20:00;0.0;1.2;0.0
2024-02-25 21:22:00;0.0;0.0;1.2
2024-02-25 21:24:00;0.0;1.2;0.0
2024-02-25 21:26:00;0.0;1.2;0.0
2024-02-25 21:28:00;0.0;0.0;1.2
2024-02-25 21:30:00;0.0;1.2;0.0
2024-02-25 21:32:00;0.0;1.2;0.0
2024-02-25 21:34:00;0.249;0.0;1.2
2024-02-25 21:36:00;0.0;1.2;0.0
2024-02-25 21:38:00;0.0;1.2;0.0
2024-02-25 21:40:00;0.0;0.0;1.2
2024-02-25 21:42:00;0.0;1.2;0.0
2024-02-25 21:44:00;0.0;0.0;5.4
2024-02-25 21:46:00;0.0;1.2;7.2
2024-02-25 21:48:00;0.0;1.2;16.8
2024-02-25 21:50:00;0.0;0.0;11.4
2024-02-25 21:52:00;0.0;1.2;4.8
2024-02-25 21:54:00;0.0;0.0;6.0
2024-02-25 21:56:00;0.0;1.2;6.0
2024-02-25 21:58:00;0.0;1.2;9.0
2024-02-25 22:00:00;0.249;0.0;11.4
2024-02-25 22:02:00;0.0;1.2;10.2
2024-02-25 22:04:00;0.0;0.0;9.0
2024-02-25 22:06:00;0.0;1.2;8.4
2024-02-25 22:08:00;0.0;1.2;11.4
2024-02-25 22:10:00;0.0;1.2;13.8
2024-02-25 22:12:00;0.0;0.0;10.2
2024-02-25 22:14:00;0.0;1.2;9.0
2024-02-25 22:16:00;0.249;1.2;27.0
2024-02-25 22:18:00;0.0;1.2;24.6
2024-02-25 22:20:00;0.0;0.0;21.6
2024-02-25 22:22:00;0.0;1.2;16.2
2024-02-25 22:24:00;0.0;1.2;17.4
2024-02-25 22:26:00;0.0;1.2;17.4
2024-02-25 22:28:00;0.0;1.2;45.0
2024-02-25 22:30:00;0.249;1.8;35.4
2024-02-25 22:32:00;0.0;1.2;27.0
2024-02-25 22:34:00;0.0;1.8;40.2
2024-02-25 22:36:00;0.0;1.2;52.8
2024-02-25 22:38:00;0.0;1.8;51.0
2024-02-25 22:40:00;0.0;1.8;43.2
2024-02-25 22:42:00;0.249;1.8;40.8
2024-02-25 22:44:00;0.0;2.4;49.2
2024-02-25 22:46:00;0.0;2.4;50.4
2024-02-25 22:48:00;0.0;2.4;52.2
2024-02-25 22:50:00;0.0;3.0;103.0
2024-02-25 22:52:00;0.249;3.0;97.8
2024-02-25 22:54:00;0.0;3.0;51.0
2024-02-25 22:56:00;0.0;3.6;49.8
2024-02-25 22:58:00;0.0;4.2;49.2
2024-02-25 23:00:00;0.0;4.8;48.6
2024-02-25 23:02:00;0.249;5.4;48.6
2024-02-25 23:04:00;0.0;6.0;47.4
2024-02-25 23:06:00;0.0;6.6;45.6
2024-02-25 23:08:00;0.0;7.2;45.0
2024-02-25 23:10:00;0.0;7.8;44.4
2024-02-25 23:12:00;0.0;7.8;43.8
2024-02-25 23:14:00;0.0;9.0;40.2
2024-02-25 23:16:00;0.0;8.4;36.0
2024-02-25 23:18:00;0.0;9.0;25.8
2024-02-25 23:20:00;0.0;9.0;24.6
2024-02-25 23:22:00;0.0;9.0;15.0
2024-02-25 23:24:00;0.0;9.0;13.2
2024-02-25 23:26:00;0.0;9.0;9.6
2024-02-25 23:28:00;0.0;9.0;3.6
2024-02-25 23:30:00;0.0;9.0;3.6
2024-02-25 23:32:00;0.0;8.4;1.8
2024-02-25 23:34:00;0.0;8.4;0.0
2024-02-25 23:36:00;0.0;8.4;0.0
2024-02-25 23:38:00;0.0;7.8;0.0
2024-02-25 23:40:00;0.0;7.8;0.0
2024-02-25 23:42:00;0.0;7.8;0.0
2024-02-25 23:44:00;0.0;7.8;0.0
2024-02-25 23:46:00;0.0;7.2;0.0
2024-02-25 23:48:00;0.0;7.2;0.0
2024-02-25 23:50:00;0.0;6.6;0.0
2024-02-25 23:52:00;0.0;7.2;0.0
2024-02-25 23:54:00;0.0;6.6;0.0
2024-02-25 23:56:00;0.0;6.6;0.0
2024-02-25 23:58:00;0.0;6.6;0.0
2024-02-26 00:00:00;0.0;6.6;0.0
2024-02-26 00:02:00;0.0;6.6;0.0
2024-02-26 00:04:00;0.0;6.6;0.0
2024-02-26 00:06:00;0.0;6.6;0.0
2024-02-26 00:08:00;0.0;7.2;0.0
2024-02-26 00:10:00;0.0;6.6;0.0
2024-02-26 00:12:00;0.0;7.2;0.0
2024-02-26 00:14:00;0.0;7.2;0.0
2024-02-26 00:16:00;0.0;7.8;0.0
2024-02-26 00:18:00;0.0;7.2;0.0
2024-02-26 00:20:00;0.0;7.8;0.0
2024-02-26 00:22:00;0.249;7.2;0.0
2024-02-26 00:24:00;0.0;7.8;0.0
2024-02-26 00:26:00;0.0;7.8;0.0
2024-02-26 00:28:00;0.0;7.2;0.0
2024-02-26 00:30:00;0.0;7.8;0.0
2024-02-26 00:32:00;0.0;7.2;0.0
2024-02-26 00:34:00;0.0;7.8;0.0
2024-02-26 00:36:00;0.0;7.8;0.0
2024-02-26 00:38:00;0.0;7.2;0.0
2024-02-26 00:40:00;0.0;7.8;0.0
2024-02-26 00:42:00;0.0;7.2;0.0
2024-02-26 00:44:00;0.0;7.2;0.0
2024-02-26 00:46:00;0.0;7.8;0.0
2024-02-26 00:48:00;0.0;7.8;0.0
2024-02-26 00:50:00;0.0;7.2;0.0
2024-02-26 00:52:00;0.0;7.2;0.0
2024-02-26 00:54:00;0.0;7.8;0.0
2024-02-26 00:56:00;0.0;7.2;0.0
2024-02-26 00:58:00;0.0;7.2;0.0
2024-02-26 01:00:00;0.0;7.8;0.0
2024-02-26 01:02:00;0.0;7.2;0.0
2024-02-26 01:04:00;0.0;7.2;0.0
2024-02-26 01:06:00;0.0;7.8;0.0
2024-02-26 01:08:00;0.0;7.2;0.0
2024-02-26 01:10:00;0.0;7.2;0.0
2024-02-26 01:12:00;0.0;7.2;0.0
2024-02-26 01:14:00;0.0;7.2;0.0
2024-02-26 01:16:00;0.0;7.2;0.0
2024-02-26 01:18:00;0.0;7.2;0.0
2024-02-26 01:20:00;0.0;7.2;0.0
2024-02-26 01:22:00;0.0;7.8;0.0
2024-02-26 01:24:00;0.0;7.2;0.0
2024-02-26 01:26:00;0.0;7.2;0.0
2024-02-26 01:28:00;0.0;7.2;0.0
2024-02-26 01:30:00;0.0;7.2;0.0
2024-02-26 01:32:00;0.0;7.2;0.0
2024-02-26 01:34:00;0.0;7.2;0.0
2024-02-26 01:36:00;0.0;7.2;0.0
2024-02-26 01:38:00;0.0;7.2;0.0
2024-02-26 01:40:00;0.0;6.6;0.0
2024-02-26 01:42:00;0.0;7.2;0.0
2024-02-26 01:44:00;0.0;7.2;0.0
2024-02-26 01:46:00;0.0;6.6;0.0
2024-02-26 01:48:00;0.0;7.2;0.0
2024-02-26 01:50:00;0.0;6.6;0.0
2024-02-26 01:52:00;0.0;7.2;0.0
2024-02-26 01:54:00;0.0;6.6;0.0
2024-02-26 01:56:00;0.0;6.6;0.0
2024-02-26 01:58:00;0.0;6.6;0.0
2024-02-26 02:00:00;0.0;7.2;0.0
2024-02-26 02:02:00;0.0;6.6;0.0
2024-02-26 02:04:00;0.0;6.6;0.0
2024-02-26 02:06:00;0.0;6.6;0.0
2024-02-26 02:08:00;0.0;7.2;0.0
2024-02-26 02:10:00;0.0;6.6;0.0
2024-02-26 02:12:00;0.0;6.6;0.0
2024-02-26 02:14:00;0.0;6.6;0.0
2024-02-26 02:16:00;0.0;6.0;0.0
2024-02-26 02:18:00;0.0;6.6;0.0
2024-02-26 02:20:00;0.0;6.6;0.0
2024-02-26 02:22:00;0.0;6.6;0.0
2024-02-26 02:24:00;0.0;6.6;0.0
2024-02-26 02:26:00;0.0;6.0;0.0
2024-02-26 02:28:00;0.0;6.6;0.0
2024-02-26 02:30:00;0.0;6.0;0.0
2024-02-26 02:32:00;0.0;6.6;0.0
2024-02-26 02:34:00;0.0;6.0;0.0
2024-02-26 02:36:00;0.0;6.0;0.0
2024-02-26 02:38:00;0.0;6.6;0.0
2024-02-26 02:40:00;0.0;6.0;0.0
2024-02-26 02:42:00;0.0;6.0;0.0
2024-02-26 02:44:00;0.0;6.6;0.0
2024-02-26 02:46:00;0.0;6.0;0.0
2024-02-26 02:48:00;0.0;6.0;0.0
2024-02-26 02:50:00;0.0;6.0;0.0
2024-02-26 02:52:00;0.0;6.0;0.0
2024-02-26 02:54:00;0.0;6.0;0.0
2024-02-26 02:56:00;0.0;6.0;0.0
2024-02-26 02:58:00;0.0;5.4;0.0
2024-02-26 03:00:00;0.0;6.0;0.0
2024-02-26 03:02:00;0.0;6.0;0.0
2024-02-26 03:04:00;0.0;6.0;0.0
2024-02-26 03:06:00;0.0;5.4;0.0
2024-02-26 03:08:00;0.0;6.0;0.0
2024-02-26 03:10:00;0.0;5.4;0.0
2024-02-26 03:12:00;0.0;5.4;0.0
2024-02-26 03:14:00;0.0;5.4;0.0
2024-02-26 03:16:00;0.0;6.0;0.0
2024-02-26 03:18:00;0.0;5.4;0.0
2024-02-26 03:20:00;0.0;5.4;0.0
2024-02-26 03:22:00;0.0;5.4;0.0
2024-02-26 03:24:00;0.0;6.0;0.0
2024-02-26 03:26:00;0.0;6.0;0.0
2024-02-26 03:28:00;0.0;5.4;0.0
2024-02-26 03:30:00;0.0;5.4;0.0
2024-02-26 03:32:00;0.0;5.4;0.0
2024-02-26 03:34:00;0.0;5.4;0.0
2024-02-26 03:36:00;0.0;5.4;0.0
2024-02-26 03:38:00;0.0;5.4;0.0
2024-02-26 03:40:00;0.0;5.4;0.0
2024-02-26 03:42:00;0.0;4.8;0.0
2024-02-26 03:44:00;0.0;5.4;0.0
2024-02-26 03:46:00;0.0;5.4;0.0
2024-02-26 03:48:00;0.0;5.4;0.0
2024-02-26 03:50:00;0.0;4.8;0.0
2024-02-26 03:52:00;0.0;5.4;0.0
2024-02-26 03:54:00;0.0;4.8;0.0
2024-02-26 03:56:00;0.0;5.4;0.0
2024-02-26 03:58:00;0.0;4.8;0.0
2024-02-26 04:00:00;0.0;5.4;0.0
2024-02-26 04:02:00;0.0;4.8;0.0
2024-02-26 04:04:00;0.0;5.4;0.0
2024-02-26 04:06:00;0.0;4.8;0.0
2024-02-26 04:08:00;0.0;4.8;0.0
2024-02-26 04:10:00;0.0;5.4;0.0
2024-02-26 04:12:00;0.0;4.8;0.0
2024-02-26 04:14:00;0.0;4.8;0.0
2024-02-26 04:16:00;0.0;4.8;0.0
2024-02-26 04:18:00;0.0;5.4;0.0
2024-02-26 04:20:00;0.0;4.8;0.0
2024-02-26 04:22:00;0.0;4.8;0.0
2024-02-26 04:24:00;0.0;4.8;0.0
2024-02-26 04:26:00;0.0;4.8;0.0
2024-02-26 04:28:00;0.0;4.8;0.0
2024-02-26 04:30:00;0.0;4.8;0.0
2024-02-26 04:32:00;0.0;4.8;0.0
2024-02-26 04:34:00;0.0;4.8;0.0
2024-02-26 04:36:00;0.0;4.8;0.0
2024-02-26 04:38:00;0.0;4.8;0.0
2024-02-26 04:40:00;0.0;4.8;0.0
2024-02-26 04:42:00;0.0;4.8;0.0
2024-02-26 04:44:00;0.0;4.8;0.0
2024-02-26 04:46:00;0.0;4.8;0.0
2024-02-26 04:48:00;0.0;4.8;0.0
2024-02-26 04:50:00;0.0;4.8;0.0
2024-02-26 04:52:00;0.0;4.8;0.0
2024-02-26 04:54:00;0.0;4.2;0.0
2024-02-26 04:56:00;0.0;4.8;0.0
2024-02-26 04:58:00;0.0;4.8;0.0
2024-02-26 05:00:00;0.0;4.2;0.0
2024-02-26 05:02:00;0.0;4.8;0.0
2024-02-26 05:04:00;0.0;4.8;0.0
2024-02-26 05:06:00;0.0;4.8;0.0
2024-02-26 05:08:00;0.0;4.2;0.0
2024-02-26 05:10:00;0.0;4.8;0.0
2024-02-26 05:12:00;0.0;4.2;0.0
2024-02-26 05:14:00;0.0;4.8;0.0
2024-02-26 05:16:00;0.0;4.2;0.0
2024-02-26 05:18:00;0.0;4.8;0.0
2024-02-26 05:20:00;0.0;4.2;0.0
2024-02-26 05:22:00;0.0;4.8;0.0
2024-02-26 05:24:00;0.0;4.2;0.0
2024-02-26 05:26:00;0.0;4.8;0.0
2024-02-26 05:28:00;0.0;4.2;0.0
2024-02-26 05:30:00;0.0;4.8;0.0
2024-02-26 05:32:00;0.0;4.2;0.0
2024-02-26 05:34:00;0.0;4.2;0.0
2024-02-26 05:36:00;0.0;4.8;0.0
2024-02-26 05:38:00;0.0;4.2;0.0
2024-02-26 05:40:00;0.0;4.8;0.0
2024-02-26 05:42:00;0.0;4.2;0.0
2024-02-26 05:44:00;0.0;4.2;0.0
2024-02-26 05:46:00;0.0;4.8;0.0
2024-02-26 05:48:00;0.0;4.2;0.0
2024-02-26 05:50:00;0.0;4.2;0.0
2024-02-26 05:52:00;0.0;4.8;0.0
2024-02-26 05:54:00;0.0;4.2;0.0
2024-02-26 05:56:00;0.0;4.2;0.0
2024-02-26 05:58:00;0.0;4.2;0.0
2024-02-26 06:00:00;0.0;4.2;0.0
2024-02-26 06:02:00;0.0;4.8;0.0
2024-02-26 06:04:00;0.0;4.2;0.0
2024-02-26 06:06:00;0.0;4.2;0.0
2024-02-26 06:08:00;0.0;4.2;0.0
2024-02-26 06:10:00;0.0;4.2;0.0
2024-02-26 06:12:00;0.0;4.2;0.0
2024-02-26 06:14:00;0.0;4.8;0.0
2024-02-26 06:16:00;0.0;4.2;0.0
2024-02-26 06:18:00;0.0;4.2;0.0
2024-02-26 06:20:00;0.0;4.2;0.0
2024-02-26 06:22:00;0.0;4.2;0.0
2024-02-26 06:24:00;0.0;4.2;0.0
2024-02-26 06:26:00;0.0;4.2;0.0
2024-02-26 06:28:00;0.0;4.2;0.0
2024-02-26 06:30:00;0.0;4.2;0.0
2024-02-26 06:32:00;0.0;4.2;0.0
2024-02-26 06:34:00;0.0;4.2;0.0
2024-02-26 06:36:00;0.0;4.2;0.0
2024-02-26 06:38:00;0.0;4.2;0.0
2024-02-26 06:40:00;0.0;4.2;0.0
2024-02-26 06:42:00;0.0;4.2;0.0
2024-02-26 06:44:00;0.0;4.2;0.0
2024-02-26 06:46:00;0.0;4.2;0.0
2024-02-26 06:48:00;0.0;4.2;0.0
2024-02-26 06:50:00;0.0;4.2;0.0
2024-02-26 06:52:00;0.0;4.2;0.0
2024-02-26 06:54:00;0.0;4.2;0.0
2024-02-26 06:56:00;0.0;4.2;0.0
2024-02-26 06:58:00;0.0;4.2;0.0
2024-02-26 07:00:00;0.0;4.2;0.0
2024-02-26 07:02:00;0.0;3.6;0.0
2024-02-26 07:04:00;0.0;4.2;0.0
2024-02-26 07:06:00;0.0;4.2;0.0
2024-02-26 07:08:00;0.0;4.2;0.0
2024-02-26 07:10:00;0.0;4.2;0.0
2024-02-26 07:12:00;0.0;4.2;0.0
2024-02-26 07:14:00;0.0;4.2;0.0
2024-02-26 07:16:00;0.0;3.6;0.0
2024-02-26 07:18:00;0.0;4.2;0.0
2024-02-26 07:20:00;0.0;4.2;0.0
2024-02-26 07:22:00;0.0;4.2;0.0
2024-02-26 07:24:00;0.0;4.2;0.0
2024-02-26 07:26:00;0.0;3.6;0.0
2024-02-26 07:28:00;0.0;4.2;0.0
2024-02-26 07:30:00;0.0;4.2;0.0
2024-02-26 07:32:00;0.0;4.2;0.0
2024-02-26 07:34:00;0.0;3.6;0.0
2024-02-26 07:36:00;0.0;4.2;0.0
2024-02-26 07:38:00;0.0;4.2;0.0
2024-02-26 07:40:00;0.0;3.6;0.0
2024-02-26 07:42:00;0.0;4.2;0.0
2024-02-26 07:44:00;0.0;4.2;0.0
2024-02-26 07:46:00;0.0;3.6;0.0
2024-02-26 07:48:00;0.0;4.2;0.0
2024-02-26 07:50:00;0.0;4.2;0.0
2024-02-26 07:52:00;0.0;3.6;0.0
2024-02-26 07:54:00;0.0;4.2;0.0
2024-02-26 07:56:00;0.0;3.6;0.0
2024-02-26 07:58:00;0.0;4.2;0.0
2024-02-26 08:00:00;0.0;4.2;0.0
2024-02-26 08:02:00;0.0;3.6;0.0
2024-02-26 08:04:00;0.0;4.2;0.0
2024-02-26 08:06:00;0.0;3.6;0.0
2024-02-26 08:08:00;0.0;4.2;0.0
2024-02-26 08:10:00;0.0;3.6;0.0
2024-02-26 08:12:00;0.0;4.2;0.0
2024-02-26 08:14:00;0.0;4.2;0.0
2024-02-26 08:16:00;0.0;3.6;0.0
2024-02-26 08:18:00;0.0;4.2;0.0
2024-02-26 08:20:00;0.0;3.6;0.0
2024-02-26 08:22:00;0.0;4.2;0.0
2024-02-26 08:24:00;0.0;3.6;0.0
2024-02-26 08:26:00;0.0;4.2;0.0
2024-02-26 08:28:00;0.0;3.6;0.0
2024-02-26 08:30:00;0.0;4.2;0.0
2024-02-26 08:32:00;0.0;3.6;0.0
2024-02-26 08:34:00;0.0;4.2;0.0
2024-02-26 08:36:00;0.0;3.6;0.0
2024-02-26 08:38:00;0.0;3.6;0.0
2024-02-26 08:40:00;0.0;4.2;0.0
2024-02-26 08:42:00;0.0;3.6;0.0
2024-02-26 08:44:00;0.0;4.2;0.0
2024-02-26 08:46:00;0.0;3.6;0.0
2024-02-26 08:48:00;0.0;4.2;0.0
2024-02-26 08:50:00;0.0;3.6;0.0
2024-02-26 08:52:00;0.0;3.6;0.0
2024-02-26 08:54:00;0.0;4.2;0.0
2024-02-26 08:56:00;0.0;3.6;0.0
2024-02-26 08:58:00;0.0;3.6;0.0
2024-02-26 09:00:00;0.0;4.2;0.0
2024-02-26 09:02:00;0.0;3.6;0.0
2024-02-26 09:04:00;0.0;4.2;0.0
2024-02-26 09:06:00;0.0;3.6;0.0
2024-02-26 09:08:00;0.0;3.6;0.0
2024-02-26 09:10:00;0.0;3.6;0.0
2024-02-26 09:12:00;0.0;4.2;0.0
2024-02-26 09:14:00;0.0;3.6;0.0
2024-02-26 09:16:00;0.0;4.2;0.0
2024-02-26 09:18:00;0.0;3.6;0.0
2024-02-26 09:20:00;0.0;3.6;0.0
2024-02-26 09:22:00;0.0;3.6;0.0
2024-02-26 09:24:00;0.0;3.6;0.0
2024-02-26 09:26:00;0.0;4.2;0.0
2024-02-26 09:28:00;0.0;3.6;0.0
2024-02-26 09:30:00;0.0;3.6;0.0
2024-02-26 09:32:00;0.0;4.2;0.0
2024-02-26 09:34:00;0.0;3.6;0.0
2024-02-26 09:36:00;0.0;3.6;0.0
2024-02-26 09:38:00;0.0;3.6;0.0
2024-02-26 09:40:00;0.0;4.2;0.0
2024-02-26 09:42:00;0.0;3.6;0.0
2024-02-26 09:44:00;0.0;3.6;0.0
2024-02-26 09:46:00;0.0;3.6;0.0
2024-02-26 09:48:00;0.0;3.6;0.0
2024-02-26 09:50:00;0.0;3.6;0.0
2024-02-26 09:52:00;0.0;3.6;0.0
2024-02-26 09:54:00;0.0;4.2;0.0
2024-02-26 09:56:00;0.0;3.6;0.0
2024-02-26 09:58:00;0.0;3.6;0.0
2024-02-26 10:00:00;0.0;3.6;0.0
2024-02-26 10:02:00;0.0;3.6;0.0
2024-02-26 10:04:00;0.0;3.6;0.0
2024-02-26 10:06:00;0.0;3.6;0.0
2024-02-26 10:08:00;0.0;3.6;0.0
2024-02-26 10:10:00;0.0;3.6;0.0
2024-02-26 10:12:00;0.0;4.2;0.0
2024-02-26 10:14:00;0.0;3.6;0.0
2024-02-26 10:16:00;0.0;3.6;0.0
2024-02-26 10:18:00;0.0;3.6;0.0
2024-02-26 10:20:00;0.0;3.6;0.0
2024-02-26 10:22:00;0.0;3.6;0.0
2024-02-26 10:24:00;0.0;3.6;0.0
2024-02-26 10:26:00;0.0;3.6;0.0
2024-02-26 10:28:00;0.0;3.6;0.0
2024-02-26 10:30:00;0.0;3.6;0.0
2024-02-26 10:32:00;0.0;3.6;0.0
2024-02-26 10:34:00;0.0;3.6;0.0
2024-02-26 10:36:00;0.0;3.6;0.0
2024-02-26 10:38:00;0.0;3.6;0.0
2024-02-26 10:40:00;0.0;3.6;0.0
2024-02-26 10:42:00;0.0;3.6;0.0
2024-02-26 10:44:00;0.0;3.6;0.0
2024-02-26 10:46:00;0.0;3.0;0.0
2024-02-26 10:48:00;0.0;3.6;0.0
2024-02-26 10:50:00;0.0;3.6;0.0
2024-02-26 10:52:00;0.0;3.6;0.0
2024-02-26 10:54:00;0.0;3.6;0.0
2024-02-26 10:56:00;0.0;3.6;0.0
2024-02-26 10:58:00;0.0;3.6;0.0
2024-02-26 11:00:00;0.0;3.6;0.0
2024-02-26 11:02:00;0.0;3.0;0.0
2024-02-26 11:04:00;0.0;3.6;0.0
2024-02-26 11:06:00;0.0;3.6;0.0
2024-02-26 11:08:00;0.0;3.6;0.0
2024-02-26 11:10:00;0.0;3.6;0.0
2024-02-26 11:12:00;0.0;3.0;0.0
2024-02-26 11:14:00;0.0;3.6;0.0
2024-02-26 11:16:00;0.0;3.6;0.0
2024-02-26 11:18:00;0.0;3.6;0.0
2024-02-26 11:20:00;0.0;3.6;0.0
2024-02-26 11:22:00;0.0;3.0;0.0
2024-02-26 11:24:00;0.0;3.6;0.0
2024-02-26 11:26:00;0.0;3.6;0.0
2024-02-26 11:28:00;0.0;3.6;0.0
2024-02-26 11:30:00;0.0;3.0;0.0
2024-02-26 11:32:00;0.0;3.6;0.0
2024-02-26 11:34:00;0.0;3.6;0.0
2024-02-26 11:36:00;0.0;3.6;0.0
2024-02-26 11:38:00;0.0;3.0;0.0
2024-02-26 11:40:00;0.0;3.6;0.0
2024-02-26 11:42:00;0.0;3.6;0.0
2024-02-26 11:44:00;0.0;3.0;0.0
2024-02-26 11:46:00;0.0;3.6;0.0
2024-02-26 11:48:00;0.0;3.6;0.0
2024-02-26 11:50:00;0.0;3.0;0.0
2024-02-26 11:52:00;0.0;3.6;0.0
2024-02-26 11:54:00;0.0;3.6;0.0
2024-02-26 11:56:00;0.0;3.0;0.0
2024-02-26 11:58:00;0.0;3.6;0.0
2024-02-26 12:00:00;0.0;3.0;0.0
2024-02-26 12:02:00;0.0;3.6;0.0
2024-02-26 12:04:00;0.0;3.0;0.0
2024-02-26 12:06:00;0.0;3.6;0.0
2024-02-26 12:08:00;0.0;3.6;0.0
2024-02-26 12:10:00;0.0;3.0;0.0
2024-02-26 12:12:00;0.0;3.6;0.0
2024-02-26 12:14:00;0.0;3.0;0.0
2024-02-26 12:16:00;0.0;3.6;0.0
2024-02-26 12:18:00;0.0;3.0;0.0
2024-02-26 12:20:00;0.0;3.6;0.0
2024-02-26 12:22:00;0.0;3.0;0.0
2024-02-26 12:24:00;0.0;3.6;0.0
2024-02-26 12:26:00;0.0;3.0;0.0
2024-02-26 12:28:00;0.0;3.6;0.0
2024-02-26 12:30:00;0.0;3.0;0.0
2024-02-26 12:32:00;0.0;3.6;0.0
2024-02-26 12:34:00;0.0;3.0;0.0
2024-02-26 12:36:00;0.0;3.6;0.0
2024-02-26 12:38:00;0.0;3.0;0.0
2024-02-26 12:40:00;0.0;3.6;0.0
2024-02-26 12:42:00;0.0;3.0;0.0
2024-02-26 12:44:00;0.0;3.0;0.0
2024-02-26 12:46:00;0.0;3.6;0.0
2024-02-26 12:48:00;0.0;3.6;0.0
2024-02-26 12:50:00;0.0;3.0;0.0
2024-02-26 12:52:00;0.0;3.0;0.0
2024-02-26 12:54:00;0.0;3.6;0.0
2024-02-26 12:56:00;0.0;3.0;0.0
2024-02-26 12:58:00;0.0;3.6;0.0
2024-02-26 13:00:00;0.0;3.0;0.0
2024-02-26 13:02:00;0.0;3.0;0.0
2024-02-26 13:04:00;0.0;3.6;0.0
2024-02-26 13:06:00;0.0;3.0;0.0
2024-02-26 13:08:00;0.0;3.6;0.0
2024-02-26 13:10:00;0.0;3.0;0.0
2024-02-26 13:12:00;0.0;3.0;0.0
2024-02-26 13:14:00;0.0;3.0;0.0
2024-02-26 13:16:00;0.0;3.6;0.0
2024-02-26 13:18:00;0.0;3.0;0.0
2024-02-26 13:20:00;0.0;3.6;0.0
2024-02-26 13:22:00;0.0;3.0;0.0
2024-02-26 13:24:00;0.0;3.0;0.0
2024-02-26 13:26:00;0.0;3.0;0.0
2024-02-26 13:28:00;0.0;3.6;0.0
2024-02-26 13:30:00;0.0;3.0;0.0
2024-02-26 13:32:00;0.0;3.0;0.0
2024-02-26 13:34:00;0.0;3.6;0.0
2024-02-26 13:36:00;0.0;3.0;0.0
2024-02-26 13:38:00;0.0;3.0;0.0
2024-02-26 13:40:00;0.0;3.0;0.0
2024-02-26 13:42:00;0.0;3.0;0.0
2024-02-26 13:44:00;0.0;3.6;0.0
2024-02-26 13:46:00;0.0;3.0;0.0
2024-02-26 13:48:00;0.0;3.0;0.0
2024-02-26 13:50:00;0.0;3.0;0.0
2024-02-26 13:52:00;0.0;3.6;0.0
2024-02-26 13:54:00;0.0;3.0;0.0
2024-02-26 13:56:00;0.0;3.0;0.0
2024-02-26 13:58:00;0.0;3.0;0.0
2024-02-26 14:00:00;0.0;3.0;0.0
2024-02-26 14:02:00;0.0;3.6;0.0
2024-02-26 14:04:00;0.0;3.0;0.0
2024-02-26 14:06:00;0.0;3.0;0.0
2024-02-26 14:08:00;0.0;3.0;0.0
2024-02-26 14:10:00;0.0;3.0;0.0
2024-02-26 14:12:00;0.0;3.0;0.0
2024-02-26 14:14:00;0.0;3.0;0.0
2024-02-26 14:16:00;0.0;3.0;0.0
2024-02-26 14:18:00;0.0;3.0;0.0
2024-02-26 14:20:00;0.0;3.6;0.0
2024-02-26 14:22:00;0.0;3.0;0.0
2024-02-26 14:24:00;0.0;3.0;0.0
2024-02-26 14:26:00;0.0;3.0;0.0
2024-02-26 14:28:00;0.0;3.0;0.0
2024-02-26 14:30:00;0.0;3.0;0.0
2024-02-26 14:32:00;0.0;3.0;0.0
2024-02-26 14:34:00;0.0;3.0;0.0
2024-02-26 14:36:00;0.0;3.0;0.0
2024-02-26 14:38:00;0.0;3.0;0.0
2024-02-26 14:40:00;0.0;3.0;0.0
2024-02-26 14:42:00;0.0;3.6;0.0
2024-02-26 14:44:00;0.0;3.0;0.0
2024-02-26 14:46:00;0.0;3.0;0.0
2024-02-26 14:48:00;0.0;2.4;0.0
2024-02-26 14:50:00;0.0;3.6;0.0
2024-02-26 14:52:00;0.0;3.0;0.0
2024-02-26 14:54:00;0.0;3.0;0.0
2024-02-26 14:56:00;0.0;3.0;0.0
2024-02-26 14:58:00;0.0;3.0;0.0
2024-02-26 15:00:00;0.0;3.0;0.0
2024-02-26 15:02:00;0.0;3.0;0.0
2024-02-26 15:04:00;0.0;3.0;0.0
2024-02-26 15:06:00;0.0;3.0;0.0
2024-02-26 15:08:00;0.0;3.0;0.0
2024-02-26 15:10:00;0.0;3.0;0.0
2024-02-26 15:12:00;0.0;2.4;0.0
2024-02-26 15:14:00;0.0;3.0;0.0
2024-02-26 15:16:00;0.0;3.0;0.0
2024-02-26 15:18:00;0.0;3.0;0.0
2024-02-26 15:20:00;0.0;3.0;0.0
2024-02-26 15:22:00;0.0;3.0;0.0
2024-02-26 15:24:00;0.0;3.0;0.0
2024-02-26 15:26:00;0.0;3.0;0.0
2024-02-26 15:28:00;0.0;2.4;0.0
2024-02-26 15:30:00;0.0;3.0;0.0
2024-02-26 15:32:00;0.0;3.0;0.0
2024-02-26 15:34:00;0.0;3.0;0.0
2024-02-26 15:36:00;0.0;3.0;0.0
2024-02-26 15:38:00;0.0;3.0;0.0
2024-02-26 15:40:00;0.0;3.0;0.0
2024-02-26 15:42:00;0.0;3.0;0.0
2024-02-26 15:44:00;0.0;3.0;0.0
2024-02-26 15:46:00;0.0;3.0;0.0
2024-02-26 15:48:00;0.0;3.0;0.0
2024-02-26 15:50:00;0.0;3.0;0.0
2024-02-26 15:52:00;0.0;2.4;0.0
2024-02-26 15:54:00;0.0;3.0;0.0
2024-02-26 15:56:00;0.0;3.0;0.0
2024-02-26 15:58:00;0.0;3.0;0.0
2024-02-26 16:00:00;0.0;3.0;0.0
2024-02-26 16:02:00;0.0;3.0;0.0
2024-02-26 16:04:00;0.0;2.4;0.0
2024-02-26 16:06:00;0.0;3.0;0.0
2024-02-26 16:08:00;0.0;3.0;0.0
2024-02-26 16:10:00;0.0;3.0;0.0
2024-02-26 16:12:00;0.0;3.0;0.0
2024-02-26 16:14:00;0.0;3.0;0.0
2024-02-26 16:16:00;0.0;2.4;0.0
2024-02-26 16:18:00;0.0;3.0;0.0
2024-02-26 16:20:00;0.0;3.0;0.0
2024-02-26 16:22:00;0.0;3.0;0.0
2024-02-26 16:24:00;0.0;3.0;0.0
2024-02-26 16:26:00;0.0;2.4;0.0
2024-02-26 16:28:00;0.0;3.0;0.0
2024-02-26 16:30:00;0.0;3.0;0.0
2024-02-26 16:32:00;0.0;2.4;0.0
2024-02-26 16:34:00;0.0;3.0;0.0
2024-02-26 16:36:00;0.0;3.0;0.0
2024-02-26 16:38:00;0.0;3.0;0.0
2024-02-26 16:40:00;0.0;2.4;0.0
2024-02-26 16:42:00;0.0;3.0;0.0
2024-02-26 16:44:00;0.0;3.0;0.0
2024-02-26 16:46:00;0.0;2.4;0.0
2024-02-26 16:48:00;0.0;3.0;0.0
2024-02-26 16:50:00;0.0;3.0;0.0
2024-02-26 16:52:00;0.0;3.0;0.0
2024-02-26 16:54:00;0.0;2.4;0.0
2024-02-26 16:56:00;0.0;3.0;0.0
2024-02-26 16:58:00;0.0;3.0;0.0
2024-02-26 17:00:00;0.0;2.4;0.0
2024-02-26 17:02:00;0.0;3.0;0.0
2024-02-26 17:04:00;0.0;3.0;0.0
2024-02-26 17:06:00;0.0;2.4;0.0
2024-02-26 17:08:00;0.0;3.0;0.0
2024-02-26 17:10:00;0.0;3.0;0.0
2024-02-26 17:12:00;0.0;2.4;0.0
2024-02-26 17:14:00;0.0;3.0;0.0
2024-02-26 17:16:00;0.0;2.4;0.0
2024-02-26 17:18:00;0.0;3.0;0.0
2024-02-26 17:20:00;0.0;3.0;0.0
2024-02-26 17:22:00;0.0;2.4;0.0
2024-02-26 17:24:00;0.0;3.0;0.0
2024-02-26 17:26:00;0.0;3.0;0.0
2024-02-26 17:28:00;0.0;2.4;0.0
2024-02-26 17:30:00;0.0;3.0;0.0
2024-02-26 17:32:00;0.0;3.0;0.0
2024-02-26 17:34:00;0.0;2.4;0.0
2024-02-26 17:36:00;0.0;3.0;0.0
2024-02-26 17:38:00;0.0;2.4;0.0
2024-02-26 17:40:00;0.0;3.0;0.0
2024-02-26 17:42:00;0.0;3.0;0.0
2024-02-26 17:44:00;0.0;2.4;0.0
2024-02-26 17:46:00;0.0;3.0;0.0
2024-02-26 17:48:00;0.0;2.4;0.0
2024-02-26 17:50:00;0.0;3.0;0.0
2024-02-26 17:52:00;0.0;2.4;0.0
2024-02-26 17:54:00;0.0;3.0;0.0
2024-02-26 17:56:00;0.0;3.0;0.0
2024-02-26 17:58:00;0.0;2.4;0.0
2024-02-26 18:00:00;0.0;3.0;0.0
2024-02-26 18:02:00;0.0;2.4;0.0
2024-02-26 18:04:00;0.0;3.0;0.0
2024-02-26 18:06:00;0.0;2.4;0.0
2024-02-26 18:08:00;0.0;3.0;0.0
2024-02-26 18:10:00;0.0;2.4;0.0
2024-02-26 18:12:00;0.0;3.0;0.0
2024-02-26 18:14:00;0.0;2.4;0.0
2024-02-26 18:16:00;0.0;3.0;0.0
2024-02-26 18:18:00;0.0;2.4;0.0
2024-02-26 18:20:00;0.0;3.0;0.0
2024-02-26 18:22:00;0.0;2.4;0.0
2024-02-26 18:24:00;0.0;3.0;0.0
2024-02-26 18:26:00;0.0;2.4;0.0
2024-02-26 18:28:00;0.0;3.0;0.0
2024-02-26 18:30:00;0.0;2.4;0.0
2024-02-26 18:32:00;0.0;3.0;0.0
2024-02-26 18:34:00;0.0;2.4;0.0
2024-02-26 18:36:00;0.0;3.0;0.0
2024-02-26 18:38:00;0.0;2.4;0.0
2024-02-26 18:40:00;0.0;3.0;0.0
2024-02-26 18:42:00;0.0;2.4;0.0
2024-02-26 18:44:00;0.0;3.0;0.0
2024-02-26 18:46:00;0.0;2.4;0.0
2024-02-26 18:48:00;0.0;2.4;0.0
2024-02-26 18:50:00;0.0;3.0;0.0
2024-02-26 18:52:00;0.0;2.4;0.0
2024-02-26 18:54:00;0.0;3.0;0.0
2024-02-26 18:56:00;0.0;2.4;0.0
2024-02-26 18:58:00;0.0;3.0;0.0
2024-02-26 19:00:00;0.0;2.4;0.0
2024-02-26 19:02:00;0.0;2.4;0.0
2024-02-26 19:04:00;0.0;3.0;0.0
2024-02-26 19:06:00;0.0;2.4;0.0
2024-02-26 19:08:00;0.0;3.0;0.0
2024-02-26 19:10:00;0.0;2.4;0.0
2024-02-26 19:12:00;0.0;2.4;0.0
2024-02-26 19:14:00;0.0;3.0;0.0
2024-02-26 19:16:00;0.0;2.4;0.0
2024-02-26 19:18:00;0.0;2.4;0.0
2024-02-26 19:20:00;0.0;3.0;0.0
2024-02-26 19:22:00;0.0;2.4;0.0
2024-02-26 19:24:00;0.0;3.0;0.0
2024-02-26 19:26:00;0.0;2.4;0.0
2024-02-26 19:28:00;0.0;2.4;0.0
2024-02-26 19:30:00;0.0;3.0;0.0
2024-02-26 19:32:00;0.0;2.4;0.0
2024-02-26 19:34:00;0.0;2.4;0.0
2024-02-26 19:36:00;0.0;3.0;0.0
2024-02-26 19:38:00;0.0;2.4;0.0
2024-02-26 19:40:00;0.0;2.4;0.0
2024-02-26 19:42:00;0.0;3.0;0.0
2024-02-26 19:44:00;0.0;2.4;0.0
2024-02-26 19:46:00;0.0;2.4;0.0
2024-02-26 19:48:00;0.0;3.0;0.0
2024-02-26 19:50:00;0.0;2.4;0.0
2024-02-26 19:52:00;0.0;2.4;0.0
2024-02-26 19:54:00;0.0;2.4;0.0
2024-02-26 19:56:00;0.0;3.0;0.0
2024-02-26 19:58:00;0.0;2.4;0.0
2024-02-26 20:00:00;0.0;2.4;0.0
2024-02-26 20:02:00;0.0;2.4;0.0
2024-02-26 20:04:00;0.0;3.0;0.0
2024-02-26 20:06:00;0.0;2.4;0.0
2024-02-26 20:08:00;0.0;2.4;0.0
2024-02-26 20:10:00;0.0;3.0;0.0
2024-02-26 20:12:00;0.0;2.4;0.0
2024-02-26 20:14:00;0.0;2.4;0.0
2024-02-26 20:16:00;0.0;2.4;0.0
2024-02-26 20:18:00;0.0;2.4;0.0
2024-02-26 20:20:00;0.0;3.0;0.0
2024-02-26 20:22:00;0.0;2.4;0.0
2024-02-26 20:24:00;0.0;2.4;0.0
2024-02-26 20:26:00;0.0;2.4;0.0
2024-02-26 20:28:00;0.0;3.0;0.0
2024-02-26 20:30:00;0.0;2.4;0.0
2024-02-26 20:32:00;0.0;2.4;0.0
2024-02-26 20:34:00;0.0;2.4;0.0
2024-02-26 20:36:00;0.0;2.4;0.0
2024-02-26 20:38:00;0.0;3.0;0.0
2024-02-26 20:40:00;0.0;2.4;0.0
2024-02-26 20:42:00;0.0;2.4;0.0
2024-02-26 20:44:00;0.0;2.4;0.0
2024-02-26 20:46:00;0.0;2.4;0.0
2024-02-26 20:48:00;0.0;2.4;0.0
2024-02-26 20:50:00;0.0;2.4;0.0
2024-02-26 20:52:00;0.0;3.0;0.0
2024-02-26 20:54:00;0.0;2.4;0.0
2024-02-26 20:56:00;0.0;2.4;0.0
2024-02-26 20:58:00;0.0;2.4;0.0
2024-02-26 21:00:00;0.0;2.4;0.0
2024-02-26 21:02:00;0.0;3.0;0.0
2024-02-26 21:04:00;0.0;2.4;0.0
2024-02-26 21:06:00;0.0;2.4;0.0
2024-02-26 21:08:00;0.0;2.4;0.0
2024-02-26 21:10:00;0.0;2.4;0.0
2024-02-26 21:12:00;0.0;2.4;0.0
2024-02-26 21:14:00;0.0;3.0;0.0
2024-02-26 21:16:00;0.0;2.4;0.0
2024-02-26 21:18:00;0.0;2.4;0.0
2024-02-26 21:20:00;0.0;2.4;0.0
2024-02-26 21:22:00;0.0;2.4;0.0
2024-02-26 21:24:00;0.0;2.4;0.0
2024-02-26 21:26:00;0.0;2.4;0.0
2024-02-26 21:28:00;0.0;2.4;0.0
2024-02-26 21:30:00;0.0;3.0;0.0
2024-02-26 21:32:00;0.0;2.4;0.0
2024-02-26 21:34:00;0.0;2.4;0.0
2024-02-26 21:36:00;0.0;2.4;0.0
2024-02-26 21:38:00;0.0;2.4;0.0
2024-02-26 21:40:00;0.0;2.4;0.0
2024-02-26 21:42:00;0.0;2.4;0.0
2024-02-26 21:44:00;0.0;2.4;0.0
2024-02-26 21:46:00;0.0;2.4;0.0
2024-02-26 21:48:00;0.0;2.4;0.0
2024-02-26 21:50:00;0.0;2.4;0.0
2024-02-26 21:52:00;0.0;2.4;0.0
2024-02-26 21:54:00;0.0;2.4;0.0
2024-02-26 21:56:00;0.0;2.4;0.0
2024-02-26 21:58:00;0.0;2.4;0.0
2024-02-26 22:00:00;0.0;3.0;0.0
2024-02-26 22:02:00;0.0;2.4;0.0
2024-02-26 22:04:00;0.0;2.4;0.0
2024-02-26 22:06:00;0.0;2.4;0.0
2024-02-26 22:08:00;0.0;2.4;0.0
2024-02-26 22:10:00;0.0;2.4;0.0
2024-02-26 22:12:00;0.0;2.4;0.0
2024-02-26 22:14:00;0.0;2.4;0.0
2024-02-26 22:16:00;0.0;2.4;0.0
2024-02-26 22:18:00;0.0;2.4;0.0
2024-02-26 22:20:00;0.0;1.8;0.0
2024-02-26 22:22:00;0.0;2.4;0.0
2024-02-26 22:24:00;0.0;2.4;0.0
2024-02-26 22:26:00;0.0;2.4;0.0
2024-02-26 22:28:00;0.0;2.4;0.0
2024-02-26 22:30:00;0.0;2.4;0.0
2024-02-26 22:32:00;0.0;2.4;0.0
2024-02-26 22:34:00;0.0;2.4;0.0
2024-02-26 22:36:00;0.0;2.4;0.0
2024-02-26 22:38:00;0.0;2.4;0.0
2024-02-26 22:40:00;0.0;2.4;0.0
2024-02-26 22:42:00;0.0;2.4;0.0
2024-02-26 22:44:00;0.0;2.4;0.0
2024-02-26 22:46:00;0.0;2.4;0.0
2024-02-26 22:48:00;0.0;2.4;0.0
2024-02-26 22:50:00;0.0;2.4;0.0
2024-02-26 22:52:00;0.0;2.4;0.0
2024-02-26 22:54:00;0.0;2.4;0.0
2024-02-26 22:56:00;0.0;2.4;0.0
2024-02-26 22:58:00;0.0;2.4;0.0
2024-02-26 23:00:00;0.0;2.4;0.0
2024-02-26 23:02:00;0.0;2.4;0.0
2024-02-26 23:04:00;0.0;2.4;0.0
2024-02-26 23:06:00;0.0;1.8;0.0
2024-02-26 23:08:00;0.0;2.4;0.0
2024-02-26 23:10:00;0.0;2.4;0.0
2024-02-26 23:12:00;0.0;2.4;0.0
2024-02-26 23:14:00;0.0;2.4;0.0
2024-02-26 23:16:00;0.0;2.4;0.0
2024-02-26 23:18:00;0.0;2.4;0.0
2024-02-26 23:20:00;0.0;1.8;0.0
2024-02-26 23:22:00;0.0;2.4;0.0
2024-02-26 23:24:00;0.0;2.4;0.0
2024-02-26 23:26:00;0.0;2.4;0.0
2024-02-26 23:28:00;0.0;2.4;0.0
2024-02-26 23:30:00;0.0;2.4;0.0
2024-02-26 23:32:00;0.0;1.8;0.0
2024-02-26 23:34:00;0.0;2.4;0.0
2024-02-26 23:36:00;0.0;2.4;0.0
2024-02-26 23:38:00;0.0;2.4;0.0
2024-02-26 23:40:00;0.0;2.4;0.0
2024-02-26 23:42:00;0.0;2.4;0.0
2024-02-26 23:44:00;0.0;2.4;0.0
2024-02-26 23:46:00;0.0;1.8;0.0
2024-02-26 23:48:00;0.0;2.4;0.0
2024-02-26 23:50:00;0.0;2.4;0.0
2024-02-26 23:52:00;0.0;2.4;0.0
2024-02-26 23:54:00;0.0;1.8;0.0
2024-02-26 23:56:00;0.0;2.4;0.0
2024-02-26 23:58:00;0.0;2.4;0.0
2024-02-27 00:00:00;0.0;2.4;0.0
2024-02-27 00:02:00;0.0;2.4;0.0
2024-02-27 00:04:00;0.0;1.8;0.0
2024-02-27 00:06:00;0.0;2.4;0.0
2024-02-27 00:08:00;0.0;2.4;0.0
2024-02-27 00:10:00;0.0;2.4;0.0
2024-02-27 00:12:00;0.0;1.8;0.0
2024-02-27 00:14:00;0.0;2.4;0.0
2024-02-27 00:16:00;0.0;2.4;0.0
2024-02-27 00:18:00;0.0;1.8;0.0
2024-02-27 00:20:00;0.0;2.4;0.0
2024-02-27 00:22:00;0.0;2.4;0.0
2024-02-27 00:24:00;0.0;2.4;0.0
2024-02-27 00:26:00;0.0;1.8;0.0
2024-02-27 00:28:00;0.0;2.4;0.0
2024-02-27 00:30:00;0.0;2.4;0.0
2024-02-27 00:32:00;0.0;1.8;0.0
2024-02-27 00:34:00;0.0;2.4;0.0
2024-02-27 00:36:00;0.0;2.4;0.0
2024-02-27 00:38:00;0.0;2.4;0.0
2024-02-27 00:40:00;0.0;1.8;0.0
2024-02-27 00:42:00;0.0;2.4;0.0
2024-02-27 00:44:00;0.0;2.4;0.0
2024-02-27 00:46:00;0.0;1.8;0.0
2024-02-27 00:48:00;0.0;2.4;0.0
2024-02-27 00:50:00;0.0;2.4;0.0
2024-02-27 00:52:00;0.0;1.8;0.0
2024-02-27 00:54:00;0.0;2.4;0.0
2024-02-27 00:56:00;0.0;2.4;0.0
2024-02-27 00:58:00;0.0;1.8;0.0
2024-02-27 01:00:00;0.0;2.4;0.0
2024-02-27 01:02:00;0.0;2.4;0.0
2024-02-27 01:04:00;0.0;1.8;0.0
2024-02-27 01:06:00;0.0;2.4;0.0
2024-02-27 01:08:00;0.0;2.4;0.0
2024-02-27 01:10:00;0.0;1.8;0.0
2024-02-27 01:12:00;0.0;2.4;0.0
2024-02-27 01:14:00;0.0;1.8;0.0
2024-02-27 01:16:00;0.0;2.4;0.0
2024-02-27 01:18:00;0.0;2.4;0.0
2024-02-27 01:20:00;0.0;1.8;0.0
2024-02-27 01:22:00;0.0;2.4;0.0
2024-02-27 01:24:00;0.0;2.4;0.0
2024-02-27 01:26:00;0.0;1.8;0.0
2024-02-27 01:28:00;0.0;2.4;0.0
2024-02-27 01:30:00;0.0;1.8;0.0
2024-02-27 01:32:00;0.0;2.4;0.0
2024-02-27 01:34:00;0.0;2.4;0.0
2024-02-27 01:36:00;0.0;1.8;0.0
2024-02-27 01:38:00;0.0;2.4;0.0
2024-02-27 01:40:00;0.0;1.8;0.0
2024-02-27 01:42:00;0.0;2.4;0.0
2024-02-27 01:44:00;0.0;1.8;0.0
2024-02-27 01:46:00;0.0;2.4;0.0
2024-02-27 01:48:00;0.0;1.8;0.0
2024-02-27 01:50:00;0.0;2.4;0.0
2024-02-27 01:52:00;0.0;2.4;0.0
2024-02-27 01:54:00;0.0;1.8;0.0
2024-02-27 01:56:00;0.0;2.4;0.0
2024-02-27 01:58:00;0.0;1.8;0.0
2024-02-27 02:00:00;0.0;2.4;0.0
2024-02-27 02:02:00;0.0;1.8;0.0
2024-02-27 02:04:00;0.0;2.4;0.0
2024-02-27 02:06:00;0.0;1.8;0.0
2024-02-27 02:08:00;0.0;2.4;0.0
2024-02-27 02:10:00;0.0;1.8;0.0
2024-02-27 02:12:00;0.0;2.4;0.0
2024-02-27 02:14:00;0.0;1.8;0.0
2024-02-27 02:16:00;0.0;2.4;0.0
2024-02-27 02:18:00;0.0;1.8;0.0
2024-02-27 02:20:00;0.0;2.4;0.0
2024-02-27 02:22:00;0.0;1.8;0.0
2024-02-27 02:24:00;0.0;2.4;0.0
2024-02-27 02:26:00;0.0;1.8;0.0
2024-02-27 02:28:00;0.0;2.4;0.0
2024-02-27 02:30:00;0.0;1.8;0.0
2024-02-27 02:32:00;0.0;2.4;0.0
2024-02-27 02:34:00;0.0;1.8;0.0
2024-02-27 02:36:00;0.0;2.4;0.0
2024-02-27 02:38:00;0.0;1.8;0.0
2024-02-27 02:40:00;0.0;2.4;0.0
2024-02-27 02:42:00;0.0;1.8;0.0
2024-02-27 02:44:00;0.0;2.4;0.0
2024-02-27 02:46:00;0.0;1.8;0.0
2024-02-27 02:48:00;0.0;1.8;0.0
2024-02-27 02:50:00;0.0;2.4;0.0
2024-02-27 02:52:00;0.0;1.8;0.0
2024-02-27 02:54:00;0.0;2.4;0.0
2024-02-27 02:56:00;0.0;1.8;0.0
2024-02-27 02:58:00;0.0;2.4;0.0
2024-02-27 03:00:00;0.0;1.8;0.0
2024-02-27 03:02:00;0.0;2.4;0.0
2024-02-27 03:04:00;0.0;1.8;0.0
2024-02-27 03:06:00;0.0;1.8;0.0
2024-02-27 03:08:00;0.0;2.4;0.0
2024-02-27 03:10:00;0.0;1.8;0.0
2024-02-27 03:12:00;0.0;1.8;0.0
2024-02-27 03:14:00;0.0;2.4;0.0
2024-02-27 03:16:00;0.0;1.8;0.0
2024-02-27 03:18:00;0.0;2.4;0.0
2024-02-27 03:20:00;0.0;1.8;0.0
2024-02-27 03:22:00;0.0;1.8;0.0
2024-02-27 03:24:00;0.0;2.4;0.0
2024-02-27 03:26:00;0.0;1.8;0.0
2024-02-27 03:28:00;0.0;2.4;0.0
2024-02-27 03:30:00;0.0;1.8;0.0
2024-02-27 03:32:00;0.0;1.8;0.0
2024-02-27 03:34:00;0.0;2.4;0.0
2024-02-27 03:36:00;0.0;1.8;0.0
2024-02-27 03:38:00;0.0;1.8;0.0
2024-02-27 03:40:00;0.0;2.4;0.0
2024-02-27 03:42:00;0.0;1.8;0.0
2024-02-27 03:44:00;0.0;1.8;0.0
2024-02-27 03:46:00;0.0;1.8;0.0
2024-02-27 03:48:00;0.0;2.4;0.0
2024-02-27 03:50:00;0.0;1.8;0.0
2024-02-27 03:52:00;0.0;1.8;0.0
2024-02-27 03:54:00;0.0;2.4;0.0
2024-02-27 03:56:00;0.0;1.8;0.0
2024-02-27 03:58:00;0.0;1.8;0.0
2024-02-27 04:00:00;0.0;2.4;0.0
2024-02-27 04:02:00;0.0;1.8;0.0
2024-02-27 04:04:00;0.0;1.8;0.0
2024-02-27 04:06:00;0.0;1.8;0.0
2024-02-27 04:08:00;0.0;2.4;0.0
2024-02-27 04:10:00;0.0;1.8;0.0
2024-02-27 04:12:00;0.0;1.8;0.0
2024-02-27 04:14:00;0.0;2.4;0.0
2024-02-27 04:16:00;0.0;1.8;0.0
2024-02-27 04:18:00;0.0;1.8;0.0
2024-02-27 04:20:00;0.0;1.8;0.0
2024-02-27 04:22:00;0.0;2.4;0.0
2024-02-27 04:24:00;0.0;1.8;0.0
2024-02-27 04:26:00;0.0;1.8;0.0
2024-02-27 04:28:00;0.0;1.8;0.0
2024-02-27 04:30:00;0.0;1.8;0.0
2024-02-27 04:32:00;0.0;2.4;0.0
2024-02-27 04:34:00;0.0;1.8;0.0
2024-02-27 04:36:00;0.0;1.8;0.0
2024-02-27 04:38:00;0.0;1.8;0.0
2024-02-27 04:40:00;0.0;1.8;0.0
2024-02-27 04:42:00;0.0;2.4;0.0
2024-02-27 04:44:00;0.0;1.8;0.0
2024-02-27 04:46:00;0.0;1.8;0.0
2024-02-27 04:48:00;0.0;1.8;0.0
2024-02-27 04:50:00;0.0;1.8;0.0
2024-02-27 04:52:00;0.0;1.8;0.0
2024-02-27 04:54:00;0.0;2.4;0.0
2024-02-27 04:56:00;0.0;1.8;0.0
2024-02-27 04:58:00;0.0;1.8;0.0
2024-02-27 05:00:00;0.0;1.8;0.0
2024-02-27 05:02:00;0.0;1.8;0.0
2024-02-27 05:04:00;0.0;1.8;0.0
2024-02-27 05:06:00;0.0;1.8;0.0
2024-02-27 05:08:00;0.0;2.4;0.0
2024-02-27 05:10:00;0.0;1.8;0.0
2024-02-27 05:12:00;0.0;1.8;0.0
2024-02-27 05:14:00;0.0;1.8;0.0
2024-02-27 05:16:00;0.0;1.8;0.0
2024-02-27 05:18:00;0.0;1.8;0.0
2024-02-27 05:20:00;0.0;1.8;0.0
2024-02-27 05:22:00;0.0;1.8;0.0
2024-02-27 05:24:00;0.0;1.8;0.0
2024-02-27 05:26:00;0.0;2.4;0.0
2024-02-27 05:28:00;0.0;1.8;0.0
2024-02-27 05:30:00;0.0;1.8;0.0
2024-02-27 05:32:00;0.0;1.8;0.0
2024-02-27 05:34:00;0.0;1.8;0.0
2024-02-27 05:36:00;0.0;1.8;0.0
2024-02-27 05:38:00;0.0;1.8;0.0
2024-02-27 05:40:00;0.0;1.8;0.0
2024-02-27 05:42:00;0.0;1.8;0.0
2024-02-27 05:44:00;0.0;1.8;0.0
2024-02-27 05:46:00;0.0;1.8;0.0
2024-02-27 05:48:00;0.0;1.8;0.0
2024-02-27 05:50:00;0.0;1.8;0.0
2024-02-27 05:52:00;0.0;2.4;0.0
2024-02-27 05:54:00;0.0;1.8;0.0
2024-02-27 05:56:00;0.0;1.8;0.0
2024-02-27 05:58:00;0.0;1.8;0.0
2024-02-27 06:00:00;0.0;1.8;0.0
2024-02-27 06:02:00;0.0;1.8;0.0
2024-02-27 06:04:00;0.0;1.8;0.0
2024-02-27 06:06:00;0.0;1.8;0.0
2024-02-27 06:08:00;0.0;1.8;0.0
2024-02-27 06:10:00;0.0;1.8;0.0
2024-02-27 06:12:00;0.0;1.8;0.0
2024-02-27 06:14:00;0.0;1.8;0.0
2024-02-27 06:16:00;0.0;1.8;0.0
2024-02-27 06:18:00;0.0;1.8;0.0
2024-02-27 06:20:00;0.0;1.8;0.0
2024-02-27 06:22:00;0.0;1.8;0.0
2024-02-27 06:24:00;0.0;1.8;0.0
2024-02-27 06:26:00;0.0;1.8;0.0
2024-02-27 06:28:00;0.0;1.8;0.0
2024-02-27 06:30:00;0.0;1.8;0.0
2024-02-27 06:32:00;0.0;1.2;0.0
2024-02-27 06:34:00;0.0;1.8;0.0
2024-02-27 06:36:00;0.0;1.8;0.0
2024-02-27 06:38:00;0.0;1.8;0.0
2024-02-27 06:40:00;0.0;1.8;0.0
2024-02-27 06:42:00;0.0;1.8;0.0
2024-02-27 06:44:00;0.0;1.8;0.0
2024-02-27 06:46:00;0.0;1.8;0.0
2024-02-27 06:48:00;0.0;1.8;0.0
2024-02-27 06:50:00;0.0;1.8;0.0
2024-02-27 06:52:00;0.0;1.8;0.0
2024-02-27 06:54:00;0.0;1.8;0.0
2024-02-27 06:56:00;0.0;1.8;0.0
2024-02-27 06:58:00;0.0;1.8;0.0
2024-02-27 07:00:00;0.0;1.8;0.0
2024-02-27 07:02:00;0.0;1.8;0.0
2024-02-27 07:04:00;0.0;1.2;0.0
2024-02-27 07:06:00;0.0;1.8;0.0
2024-02-27 07:08:00;0.0;1.8;0.0
2024-02-27 07:10:00;0.0;1.8;0.0
2024-02-27 07:12:00;0.0;1.8;0.0
2024-02-27 07:14:00;0.0;1.8;0.0
2024-02-27 07:16:00;0.0;1.8;0.0
2024-02-27 07:18:00;0.0;1.8;0.0
2024-02-27 07:20:00;0.0;1.2;0.0
2024-02-27 07:22:00;0.0;1.8;0.0
2024-02-27 07:24:00;0.0;1.8;0.0
2024-02-27 07:26:00;0.0;1.8;0.0
2024-02-27 07:28:00;0.0;1.8;0.0
2024-02-27 07:30:00;0.0;1.8;0.0
2024-02-27 07:32:00;0.0;1.2;0.0
2024-02-27 07:34:00;0.0;1.8;0.0
2024-02-27 07:36:00;0.0;1.8;0.0
2024-02-27 07:38:00;0.0;1.8;0.0
2024-02-27 07:40:00;0.0;1.8;0.0
2024-02-27 07:42:00;0.0;1.8;0.0
2024-02-27 07:44:00;0.0;1.2;0.0
2024-02-27 07:46:00;0.0;1.8;0.0
2024-02-27 07:48:00;0.0;1.8;0.0
2024-02-27 07:50:00;0.0;1.8;0.0
2024-02-27 07:52:00;0.0;1.8;0.0
2024-02-27 07:54:00;0.0;1.2;0.0
2024-02-27 07:56:00;0.0;1.8;0.0
2024-02-27 07:58:00;0.0;1.8;0.0
2024-02-27 08:00:00;0.0;1.8;0.0
2024-02-27 08:02:00;0.0;1.8;0.0
2024-02-27 08:04:00;0.0;1.2;0.0
2024-02-27 08:06:00;0.0;1.8;0.0
2024-02-27 08:08:00;0.0;1.8;0.0
2024-02-27 08:10:00;0.0;1.8;0.0
2024-02-27 08:12:00;0.0;1.8;0.0
2024-02-27 08:14:00;0.0;1.2;0.0
2024-02-27 08:16:00;0.0;1.8;0.0
2024-02-27 08:18:00;0.0;1.8;0.0
2024-02-27 08:20:00;0.0;1.8;0.0
2024-02-27 08:22:00;0.0;1.2;0.0
2024-02-27 08:24:00;0.0;1.8;0.0
2024-02-27 08:26:00;0.0;1.8;0.0
2024-02-27 08:28:00;0.0;1.8;0.0
2024-02-27 08:30:00;0.0;1.8;0.0
2024-02-27 08:32:00;0.0;1.2;0.0
2024-02-27 08:34:00;0.0;1.8;0.0
2024-02-27 08:36:00;0.0;1.8;0.0
2024-02-27 08:38:00;0.0;1.2;0.0
2024-02-27 08:40:00;0.0;1.8;0.0
2024-02-27 08:42:00;0.0;1.8;0.0
2024-02-27 08:44:00;0.0;1.8;0.0
2024-02-27 08:46:00;0.0;1.2;0.0
2024-02-27 08:48:00;0.0;1.8;0.0
2024-02-27 08:50:00;0.0;1.8;0.0
2024-02-27 08:52:00;0.0;1.8;0.0
2024-02-27 08:54:00;0.0;1.2;0.0
2024-02-27 08:56:00;0.0;1.8;0.0
2024-02-27 08:58:00;0.0;1.8;0.0
2024-02-27 09:00:00;0.0;1.2;0.0
2024-02-27 09:02:00;0.0;1.8;0.0
2024-02-27 09:04:00;0.0;1.8;0.0
2024-02-27 09:06:00;0.0;1.2;0.0
2024-02-27 09:08:00;0.0;1.8;0.0
2024-02-27 09:10:00;0.0;1.8;0.0
2024-02-27 09:12:00;0.0;1.2;0.0
2024-02-27 09:14:00;0.0;1.8;0.0
2024-02-27 09:16:00;0.0;1.8;0.0
2024-02-27 09:18:00;0.0;1.8;0.0
2024-02-27 09:20:00;0.0;1.2;0.0
2024-02-27 09:22:00;0.0;1.8;0.0
2024-02-27 09:24:00;0.0;1.8;0.0
2024-02-27 09:26:00;0.0;1.2;0.0
2024-02-27 09:28:00;0.0;1.8;0.0
2024-02-27 09:30:00;0.0;1.2;0.0
2024-02-27 09:32:00;0.0;1.8;0.0
2024-02-27 09:34:00;0.0;1.8;0.0
2024-02-27 09:36:00;0.0;1.2;0.0
2024-02-27 09:38:00;0.0;1.8;0.0
2024-02-27 09:40:00;0.0;1.8;0.0
2024-02-27 09:42:00;0.0;1.2;0.0
2024-02-27 09:44:00;0.0;1.8;0.0
2024-02-27 09:46:00;0.0;1.8;0.0
2024-02-27 09:48:00;0.0;1.2;0.0
2024-02-27 09:50:00;0.0;1.8;0.0
2024-02-27 09:52:00;0.0;1.2;0.0
2024-02-27 09:54:00;0.0;1.8;0.0
2024-02-27 09:56:00;0.0;1.8;0.0
2024-02-27 09:58:00;0.0;1.2;0.0
2024-02-27 10:00:00;0.0;1.8;0.0
2024-02-27 10:02:00;0.0;1.2;0.0
2024-02-27 10:04:00;0.0;1.8;0.0
2024-02-27 10:06:00;0.0;1.8;0.0
2024-02-27 10:08:00;0.0;1.2;0.0
2024-02-27 10:10:00;0.0;1.8;0.0
2024-02-27 10:12:00;0.0;1.2;0.0
2024-02-27 10:14:00;0.0;1.8;0.0
2024-02-27 10:16:00;0.0;1.8;0.0
2024-02-27 10:18:00;0.0;1.2;0.0
2024-02-27 10:20:00;0.0;1.8;0.0
2024-02-27 10:22:00;0.0;1.2;0.0
2024-02-27 10:24:00;0.0;1.8;0.0
2024-02-27 10:26:00;0.0;1.2;0.0
2024-02-27 10:28:00;0.0;1.8;0.0
2024-02-27 10:30:00;0.0;1.2;0.0
2024-02-27 10:32:00;0.0;1.8;0.0
2024-02-27 10:34:00;0.0;1.8;0.0
2024-02-27 10:36:00;0.0;1.2;0.0
2024-02-27 10:38:00;0.0;1.8;0.0
2024-02-27 10:40:00;0.0;1.2;0.0
2024-02-27 10:42:00;0.0;1.8;0.0
2024-02-27 10:44:00;0.0;1.2;0.0
2024-02-27 10:46:00;0.0;1.8;0.0
2024-02-27 10:48:00;0.0;1.2;0.0
2024-02-27 10:50:00;0.0;1.8;0.0
2024-02-27 10:52:00;0.0;1.2;0.0
2024-02-27 10:54:00;0.0;1.8;0.0
2024-02-27 10:56:00;0.0;1.2;0.0
2024-02-27 10:58:00;0.0;1.8;0.0
2024-02-27 11:00:00;0.0;1.2;0.0
2024-02-27 11:02:00;0.0;1.8;0.0
2024-02-27 11:04:00;0.0;1.2;0.0
2024-02-27 11:06:00;0.0;1.8;0.0
2024-02-27 11:08:00;0.0;1.2;0.0
2024-02-27 11:10:00;0.0;1.8;0.0
2024-02-27 11:12:00;0.0;1.2;0.0
2024-02-27 11:14:00;0.0;1.8;0.0
2024-02-27 11:16:00;0.0;1.2;0.0
2024-02-27 11:18:00;0.0;1.8;0.0
2024-02-27 11:20:00;0.0;1.2;0.0
2024-02-27 11:22:00;0.0;1.8;0.0
2024-02-27 11:24:00;0.0;1.2;0.0
2024-02-27 11:26:00;0.0;1.8;0.0
2024-02-27 11:28:00;0.0;1.2;0.0
2024-02-27 11:30:00;0.0;1.2;0.0
2024-02-27 11:32:00;0.0;1.8;0.0
2024-02-27 11:34:00;0.0;1.2;0.0
2024-02-27 11:36:00;0.0;1.8;0.0
2024-02-27 11:38:00;0.0;1.2;0.0
2024-02-27 11:40:00;0.0;1.8;0.0
2024-02-27 11:42:00;0.0;1.2;0.0
2024-02-27 11:44:00;0.0;1.8;0.0
2024-02-27 11:46:00;0.0;1.2;0.0
2024-02-27 11:48:00;0.0;1.2;0.0
2024-02-27 11:50:00;0.0;1.8;0.0
2024-02-27 11:52:00;0.0;1.2;0.0
2024-02-27 11:54:00;0.0;1.8;0.0
2024-02-27 11:56:00;0.0;1.2;0.0
2024-02-27 11:58:00;0.0;1.8;0.0
2024-02-27 12:00:00;0.0;1.2;0.0
2024-02-27 12:02:00;0.0;1.2;0.0
2024-02-27 12:04:00;0.0;1.8;0.0
2024-02-27 12:06:00;0.0;1.2;0.0
2024-02-27 12:08:00;0.0;1.8;0.0
2024-02-27 12:10:00;0.0;1.2;0.0
2024-02-27 12:12:00;0.0;1.2;0.0
2024-02-27 12:14:00;0.0;1.8;0.0
2024-02-27 12:16:00;0.0;1.2;0.0
2024-02-27 12:18:00;0.0;1.2;0.0
2024-02-27 12:20:00;0.0;1.8;0.0
2024-02-27 12:22:00;0.0;1.2;0.0
2024-02-27 12:24:00;0.0;1.8;0.0
2024-02-27 12:26:00;0.0;1.2;0.0
2024-02-27 12:28:00;0.0;1.2;0.0
2024-02-27 12:30:00;0.0;1.8;0.0
2024-02-27 12:32:00;0.0;1.2;0.0
2024-02-27 12:34:00;0.0;1.2;0.0
2024-02-27 12:36:00;0.0;1.8;0.0
2024-02-27 12:38:00;0.0;1.2;0.0
2024-02-27 12:40:00;0.0;1.8;0.0
2024-02-27 12:42:00;0.0;1.2;0.0
2024-02-27 12:44:00;0.0;1.2;0.0
2024-02-27 12:46:00;0.0;1.8;0.0
2024-02-27 12:48:00;0.0;1.2;0.0
2024-02-27 12:50:00;0.0;1.2;0.0
2024-02-27 12:52:00;0.0;1.8;0.0
2024-02-27 12:54:00;0.0;1.2;0.0
2024-02-27 12:56:00;0.0;1.2;0.0
2024-02-27 12:58:00;0.0;1.8;0.0
2024-02-27 13:00:00;0.0;1.2;0.0
2024-02-27 13:02:00;0.0;1.2;0.0
2024-02-27 13:04:00;0.0;1.8;0.0
2024-02-27 13:06:00;0.0;1.2;0.0
2024-02-27 13:08:00;0.0;1.2;0.0
2024-02-27 13:10:00;0.0;1.8;0.0
2024-02-27 13:12:00;0.0;1.2;0.0
2024-02-27 13:14:00;0.0;1.2;0.0
2024-02-27 13:16:00;0.0;1.8;0.0
2024-02-27 13:18:00;0.0;1.2;0.0
2024-02-27 13:20:00;0.0;1.2;0.0
2024-02-27 13:22:00;0.0;1.2;0.0
2024-02-27 13:24:00;0.0;1.8;0.0
2024-02-27 13:26:00;0.0;1.2;0.0
2024-02-27 13:28:00;0.0;1.2;0.0
2024-02-27 13:30:00;0.0;1.8;0.0
2024-02-27 13:32:00;0.0;1.2;0.0
2024-02-27 13:34:00;0.0;1.2;0.0
2024-02-27 13:36:00;0.0;1.2;0.0
2024-02-27 13:38:00;0.0;1.8;0.0
2024-02-27 13:40:00;0.0;1.2;0.0
2024-02-27 13:42:00;0.0;1.2;0.0
2024-02-27 13:44:00;0.0;1.2;0.0
2024-02-27 13:46:00;0.0;1.8;0.0
2024-02-27 13:48:00;0.0;1.2;0.0
2024-02-27 13:50:00;0.0;1.2;0.0
2024-02-27 13:52:00;0.0;1.2;0.0
2024-02-27 13:54:00;0.0;1.8;0.0
2024-02-27 13:56:00;0.0;1.2;0.0
2024-02-27 13:58:00;0.0;1.2;0.0
2024-02-27 14:00:00;0.0;1.2;0.0
2024-02-27 14:02:00;0.0;1.8;0.0
2024-02-27 14:04:00;0.0;1.2;0.0
2024-02-27 14:06:00;0.0;1.2;0.0
2024-02-27 14:08:00;0.0;1.2;0.0
2024-02-27 14:10:00;0.0;1.8;0.0
2024-02-27 14:12:00;0.0;1.2;0.0
2024-02-27 14:14:00;0.0;1.2;0.0
2024-02-27 14:16:00;0.0;1.2;0.0
2024-02-27 14:18:00;0.0;1.2;0.0
2024-02-27 14:20:00;0.0;1.8;0.0
2024-02-27 14:22:00;0.0;1.2;0.0
2024-02-27 14:24:00;0.0;1.2;0.0
2024-02-27 14:26:00;0.0;1.2;0.0
2024-02-27 14:28:00;0.0;1.8;0.0
2024-02-27 14:30:00;0.0;1.2;0.0
2024-02-27 14:32:00;0.0;1.2;0.0
2024-02-27 14:34:00;0.0;1.2;0.0
2024-02-27 14:36:00;0.0;1.2;0.0
2024-02-27 14:38:00;0.0;1.8;0.0
2024-02-27 14:40:00;0.0;1.2;0.0
2024-02-27 14:42:00;0.0;1.2;0.0
2024-02-27 14:44:00;0.0;1.2;0.0
2024-02-27 14:46:00;0.0;1.2;0.0
2024-02-27 14:48:00;0.0;1.2;0.0
2024-02-27 14:50:00;0.0;1.8;0.0
2024-02-27 14:52:00;0.0;1.2;0.0
2024-02-27 14:54:00;0.0;1.2;0.0
2024-02-27 14:56:00;0.0;1.2;0.0
2024-02-27 14:58:00;0.0;1.2;0.0
2024-02-27 15:00:00;0.0;1.2;0.0
2024-02-27 15:02:00;0.0;1.8;0.0
2024-02-27 15:04:00;0.0;1.2;0.0
2024-02-27 15:06:00;0.0;1.2;0.0
2024-02-27 15:08:00;0.0;1.2;0.0
2024-02-27 15:10:00;0.0;1.2;0.0
2024-02-27 15:12:00;0.0;1.2;0.0
2024-02-27 15:14:00;0.0;1.8;0.0
2024-02-27 15:16:00;0.0;1.2;0.0
2024-02-27 15:18:00;0.0;1.2;0.0
2024-02-27 15:20:00;0.0;1.2;0.0
2024-02-27 15:22:00;0.0;1.2;0.0
2024-02-27 15:24:00;0.0;1.2;0.0
2024-02-27 15:26:00;0.0;1.2;0.0
2024-02-27 15:28:00;0.0;1.8;0.0
2024-02-27 15:30:00;0.0;1.2;0.0
2024-02-27 15:32:00;0.0;1.2;0.0
2024-02-27 15:34:00;0.0;1.2;0.0
2024-02-27 15:36:00;0.0;1.2;0.0
2024-02-27 15:38:00;0.0;1.2;0.0
2024-02-27 15:40:00;0.0;1.2;0.0
2024-02-27 15:42:00;0.0;1.2;0.0
2024-02-27 15:44:00;0.0;1.8;0.0
2024-02-27 15:46:00;0.0;1.2;0.0
2024-02-27 15:48:00;0.0;1.2;0.0
2024-02-27 15:50:00;0.0;1.2;0.0
2024-02-27 15:52:00;0.0;1.2;0.0
2024-02-27 15:54:00;0.0;1.2;0.0
2024-02-27 15:56:00;0.0;1.2;0.0
2024-02-27 15:58:00;0.0;1.2;0.0
2024-02-27 16:00:00;0.0;1.2;0.0
2024-02-27 16:02:00;0.0;1.2;0.0
2024-02-27 16:04:00;0.0;1.8;0.0
2024-02-27 16:06:00;0.0;1.2;0.0
2024-02-27 16:08:00;0.0;1.2;0.0
2024-02-27 16:10:00;0.0;1.2;0.0
2024-02-27 16:12:00;0.0;1.2;0.0
2024-02-27 16:14:00;0.0;1.2;0.0
2024-02-27 16:16:00;0.0;1.2;0.0
2024-02-27 16:18:00;0.0;1.2;0.0
2024-02-27 16:20:00;0.0;1.2;0.0
2024-02-27 16:22:00;0.0;1.2;0.0
2024-02-27 16:24:00;0.0;1.2;0.0
2024-02-27 16:26:00;0.0;1.2;0.0
2024-02-27 16:28:00;0.0;1.2;0.0
2024-02-27 16:30:00;0.0;1.8;0.0
2024-02-27 16:32:00;0.0;1.2;0.0
2024-02-27 16:34:00;0.0;1.2;0.0
2024-02-27 16:36:00;0.0;1.2;0.0
2024-02-27 16:38:00;0.0;1.2;0.0
2024-02-27 16:40:00;0.0;1.2;0.0
2024-02-27 16:42:00;0.0;1.2;0.0
2024-02-27 16:44:00;0.0;1.2;0.0
2024-02-27 16:46:00;0.0;1.2;0.0
2024-02-27 16:48:00;0.0;1.2;0.0
2024-02-27 16:50:00;0.0;1.2;0.0
2024-02-27 16:52:00;0.0;1.2;0.0
2024-02-27 16:54:00;0.0;1.2;0.0
2024-02-27 16:56:00;0.0;1.2;0.0
2024-02-27 16:58:00;0.0;1.2;0.0
2024-02-27 17:00:00;0.0;1.2;0.0
2024-02-27 17:02:00;0.0;1.2;0.0
2024-02-27 17:04:00;0.0;1.2;0.0
2024-02-27 17:06:00;0.0;1.2;0.0
2024-02-27 17:08:00;0.0;1.2;0.0
2024-02-27 17:10:00;0.0;1.8;0.0
2024-02-27 17:12:00;0.0;1.2;0.0
2024-02-27 17:14:00;0.0;1.2;0.0
2024-02-27 17:16:00;0.0;1.2;0.0
2024-02-27 17:18:00;0.0;1.2;0.0
2024-02-27 17:20:00;0.0;1.2;0.0
2024-02-27 17:22:00;0.0;1.2;0.0
2024-02-27 17:24:00;0.0;1.2;0.0
2024-02-27 17:26:00;0.0;1.2;0.0
2024-02-27 17:28:00;0.0;1.2;0.0
2024-02-27 17:30:00;0.0;1.2;0.0
2024-02-27 17:32:00;0.0;1.2;0.0
2024-02-27 17:34:00;0.0;1.2;0.0
2024-02-27 17:36:00;0.0;1.2;0.0
2024-02-27 17:38:00;0.0;1.2;0.0
2024-02-27 17:40:00;0.0;1.2;0.0
2024-02-27 17:42:00;0.0;1.2;0.0
2024-02-27 17:44:00;0.0;1.2;0.0
2024-02-27 17:46:00;0.0;1.2;0.0
2024-02-27 17:48:00;0.0;1.2;0.0
2024-02-27 17:50:00;0.0;1.2;0.0
2024-02-27 17:52:00;0.0;1.2;0.0
2024-02-27 17:54:00;0.0;1.2;0.0
2024-02-27 17:56:00;0.0;0.0;0.0
2024-02-27 17:58:00;0.0;1.2;0.0
2024-02-27 18:00:00;0.0;1.2;0.0
2024-02-27 18:02:00;0.0;1.2;0.0
2024-02-27 18:04:00;0.0;1.2;0.0
2024-02-27 18:06:00;0.0;1.2;0.0
2024-02-27 18:08:00;0.0;1.2;0.0
2024-02-27 18:10:00;0.0;1.2;0.0
2024-02-27 18:12:00;0.0;1.2;0.0
2024-02-27 18:14:00;0.0;1.2;0.0
2024-02-27 18:16:00;0.0;1.2;0.0
2024-02-27 18:18:00;0.0;1.2;0.0
2024-02-27 18:20:00;0.0;1.2;0.0
2024-02-27 18:22:00;0.0;1.2;0.0
2024-02-27 18:24:00;0.0;1.2;0.0
2024-02-27 18:26:00;0.0;1.2;0.0
2024-02-27 18:28:00;0.0;1.2;0.0
2024-02-27 18:30:00;0.0;1.2;0.0
2024-02-27 18:32:00;0.0;1.2;0.0
2024-02-27 18:34:00;0.0;1.2;0.0
2024-02-27 18:36:00;0.0;0.0;0.0
2024-02-27 18:38:00;0.0;1.2;0.0
2024-02-27 18:40:00;0.0;1.2;0.0
2024-02-27 18:42:00;0.0;1.2;0.0
2024-02-27 18:44:00;0.0;1.2;0.0
2024-02-27 18:46:00;0.0;1.2;0.0
2024-02-27 18:48:00;0.0;1.2;0.0
2024-02-27 18:50:00;0.0;1.2;0.0
2024-02-27 18:52:00;0.0;1.2;0.0
2024-02-27 18:54:00;0.0;1.2;0.0
2024-02-27 18:56:00;0.0;1.2;0.0
2024-02-27 18:58:00;0.0;1.2;0.0
2024-02-27 19:00:00;0.0;1.2;0.0
2024-02-27 19:02:00;0.0;1.2;0.0
2024-02-27 19:04:00;0.0;1.2;0.0
2024-02-27 19:06:00;0.0;0.0;0.0
2024-02-27 19:08:00;0.0;1.2;0.0
2024-02-27 19:10:00;0.0;1.2;0.0
2024-02-27 19:12:00;0.0;1.2;0.0
2024-02-27 19:14:00;0.0;1.2;0.0
2024-02-27 19:16:00;0.0;1.2;0.0
2024-02-27 19:18:00;0.0;1.2;0.0
2024-02-27 19:20:00;0.0;1.2;0.0
2024-02-27 19:22:00;0.0;1.2;0.0
2024-02-27 19:24:00;0.0;1.2;0.0
2024-02-27 19:26:00;0.0;0.0;0.0
2024-02-27 19:28:00;0.0;1.2;0.0
2024-02-27 19:30:00;0.0;1.2;0.0
2024-02-27 19:32:00;0.0;1.2;0.0
2024-02-27 19:34:00;0.0;1.2;0.0
2024-02-27 19:36:00;0.0;1.2;0.0
2024-02-27 19:38:00;0.0;1.2;0.0
2024-02-27 19:40:00;0.0;1.2;0.0
2024-02-27 19:42:00;0.0;0.0;0.0
2024-02-27 19:44:00;0.0;1.2;0.0
2024-02-27 19:46:00;0.0;1.2;0.0
2024-02-27 19:48:00;0.0;1.2;0.0
2024-02-27 19:50:00;0.0;1.2;0.0
2024-02-27 19:52:00;0.0;1.2;0.0
2024-02-27 19:54:00;0.0;1.2;0.0
2024-02-27 19:56:00;0.0;0.0;0.0
2024-02-27 19:58:00;0.0;1.2;0.0
2024-02-27 20:00:00;0.0;1.2;0.0
2024-02-27 20:02:00;0.0;1.2;0.0
2024-02-27 20:04:00;0.0;1.2;0.0
2024-02-27 20:06:00;0.0;1.2;0.0
2024-02-27 20:08:00;0.0;1.2;0.0
2024-02-27 20:10:00;0.0;0.0;0.0
2024-02-27 20:12:00;0.0;1.2;0.0
2024-02-27 20:14:00;0.0;1.2;0.0
2024-02-27 20:16:00;0.0;1.2;0.0
2024-02-27 20:18:00;0.0;1.2;0.0
2024-02-27 20:20:00;0.0;1.2;0.0
2024-02-27 20:22:00;0.0;0.0;0.0
2024-02-27 20:24:00;0.0;1.2;0.0
2024-02-27 20:26:00;0.0;1.2;0.0
2024-02-27 20:28:00;0.0;1.2;0.0
2024-02-27 20:30:00;0.0;1.2;0.0
2024-02-27 20:32:00;0.0;1.2;0.0
2024-02-27 20:34:00;0.0;0.0;0.0
2024-02-27 20:36:00;0.0;1.2;0.0
2024-02-27 20:38:00;0.0;1.2;0.0
2024-02-27 20:40:00;0.0;1.2;0.0
2024-02-27 20:42:00;0.0;1.2;0.0
2024-02-27 20:44:00;0.0;1.2;0.0
2024-02-27 20:46:00;0.0;0.0;0.0
2024-02-27 20:48:00;0.0;1.2;0.0
2024-02-27 20:50:00;0.0;1.2;0.0
2024-02-27 20:52:00;0.0;1.2;0.0
2024-02-27 20:54:00;0.0;1.2;0.0
2024-02-27 20:56:00;0.0;0.0;0.0
2024-02-27 20:58:00;0.0;1.2;0.0
2024-02-27 21:00:00;0.0;1.2;0.0
2024-02-27 21:02:00;0.0;1.2;0.0
2024-02-27 21:04:00;0.0;1.2;0.0
2024-02-27 21:06:00;0.0;0.0;0.0
2024-02-27 21:08:00;0.0;1.2;0.0
2024-02-27 21:10:00;0.0;1.2;0.0
2024-02-27 21:12:00;0.0;1.2;0.0
2024-02-27 21:14:00;0.0;1.2;0.0
2024-02-27 21:16:00;0.0;1.2;0.0
2024-02-27 21:18:00;0.0;0.0;0.0
2024-02-27 21:20:00;0.0;1.2;0.0
2024-02-27 21:22:00;0.0;1.2;0.0
2024-02-27 21:24:00;0.0;1.2;0.0
2024-02-27 21:26:00;0.0;0.0;0.0
2024-02-27 21:28:00;0.0;1.2;0.0
2024-02-27 21:30:00;0.0;1.2;0.0
2024-02-27 21:32:00;0.0;1.2;0.0
2024-02-27 21:34:00;0.0;1.2;0.0
2024-02-27 21:36:00;0.0;0.0;0.0
2024-02-27 21:38:00;0.0;1.2;0.0
2024-02-27 21:40:00;0.0;1.2;0.0
2024-02-27 21:42:00;0.0;1.2;0.0
2024-02-27 21:44:00;0.0;0.0;0.0
2024-02-27 21:46:00;0.0;1.2;0.0
2024-02-27 21:48:00;0.0;1.2;0.0
2024-02-27 21:50:00;0.0;1.2;0.0
2024-02-27 21:52:00;0.0;1.2;0.0
2024-02-27 21:54:00;0.0;0.0;0.0
2024-02-27 21:56:00;0.0;1.2;0.0
2024-02-27 21:58:00;0.0;1.2;0.0
2024-02-27 22:00:00;0.0;1.2;0.0
2024-02-27 22:02:00;0.0;0.0;0.0
2024-02-27 22:04:00;0.0;1.2;0.0
2024-02-27 22:06:00;0.0;1.2;0.0
2024-02-27 22:08:00;0.0;1.2;0.0
2024-02-27 22:10:00;0.0;0.0;0.0
2024-02-27 22:12:00;0.0;1.2;0.0
2024-02-27 22:14:00;0.0;1.2;0.0
2024-02-27 22:16:00;0.0;1.2;0.0
2024-02-27 22:18:00;0.0;0.0;0.0
2024-02-27 22:20:00;0.0;1.2;0.0
2024-02-27 22:22:00;0.0;1.2;0.0
2024-02-27 22:24:00;0.0;1.2;0.0
2024-02-27 22:26:00;0.0;0.0;0.0
2024-02-27 22:28:00;0.0;1.2;0.0
2024-02-27 22:30:00;0.0;1.2;0.0
2024-02-27 22:32:00;0.0;1.2;0.0
2024-02-27 22:34:00;0.0;0.0;0.0
2024-02-27 22:36:00;0.0;1.2;0.0
2024-02-27 22:38:00;0.0;1.2;0.0
2024-02-27 22:40:00;0.0;0.0;0.0
2024-02-27 22:42:00;0.0;1.2;0.0
2024-02-27 22:44:00;0.0;1.2;0.0
2024-02-27 22:46:00;0.0;1.2;0.0
2024-02-27 22:48:00;0.0;0.0;0.0
2024-02-27 22:50:00;0.0;1.2;0.0
2024-02-27 22:52:00;0.0;1.2;0.0
2024-02-27 22:54:00;0.0;1.2;0.0
2024-02-27 22:56:00;0.0;0.0;0.0
2024-02-27 22:58:00;0.0;1.2;0.0
2024-02-27 23:00:00;0.0;1.2;0.0
2024-02-27 23:02:00;0.0;0.0;0.0
2024-02-27 23:04:00;0.0;1.2;0.0
2024-02-27 23:06:00;0.0;1.2;0.0
2024-02-27 23:08:00;0.0;0.0;0.0
2024-02-27 23:10:00;0.0;1.2;0.0
2024-02-27 23:12:00;0.0;1.2;0.0
2024-02-27 23:14:00;0.0;1.2;0.0
2024-02-27 23:16:00;0.0;0.0;0.0
2024-02-27 23:18:00;0.0;1.2;0.0
2024-02-27 23:20:00;0.0;1.2;0.0
2024-02-27 23:22:00;0.0;0.0;0.0
2024-02-27 23:24:00;0.0;1.2;0.0
2024-02-27 23:26:00;0.0;1.2;0.0
2024-02-27 23:28:00;0.0;0.0;0.0
2024-02-27 23:30:00;0.0;1.2;0.0
2024-02-27 23:32:00;0.0;1.2;0.0
2024-02-27 23:34:00;0.0;1.2;0.0
2024-02-27 23:36:00;0.0;0.0;0.0
2024-02-27 23:38:00;0.0;1.2;0.0
2024-02-27 23:40:00;0.0;1.2;0.0
2024-02-27 23:42:00;0.0;0.0;0.0
2024-02-27 23:44:00;0.0;1.2;0.0
2024-02-27 23:46:00;0.0;1.2;0.0
2024-02-27 23:48:00;0.0;0.0;0.0
2024-02-27 23:50:00;0.0;1.2;0.0
2024-02-27 23:52:00;0.0;1.2;0.0
2024-02-27 23:54:00;0.0;0.0;0.0
2024-02-27 23:56:00;0.0;1.2;0.0
2024-02-27 23:58:00;0.0;1.2;0.0
2024-02-28 00:00:00;0.0;0.0;0.0
2024-02-28 00:02:00;0.0;1.2;0.0
2024-02-28 00:04:00;0.0;1.2;0.0
2024-02-28 00:06:00;0.0;0.0;0.0
2024-02-28 00:08:00;0.0;1.2;0.0
2024-02-28 00:10:00;0.0;1.2;0.0
2024-02-28 00:12:00;0.0;0.0;0.0
2024-02-28 00:14:00;0.0;1.2;0.0
2024-02-28 00:16:00;0.0;0.0;0.0
2024-02-28 00:18:00;0.0;1.2;0.0
2024-02-28 00:20:00;0.0;1.2;0.0
2024-02-28 00:22:00;0.0;0.0;0.0
2024-02-28 00:24:00;0.0;1.2;0.0
2024-02-28 00:26:00;0.0;1.2;0.0
2024-02-28 00:28:00;0.0;0.0;0.0
2024-02-28 00:30:00;0.0;1.2;0.0
2024-02-28 00:32:00;0.0;1.2;0.0
2024-02-28 00:34:00;0.0;0.0;0.0
2024-02-28 00:36:00;0.0;1.2;0.0
2024-02-28 00:38:00;0.0;1.2;0.0
2024-02-28 00:40:00;0.0;0.0;0.0
2024-02-28 00:42:00;0.0;1.2;0.0
2024-02-28 00:44:00;0.0;0.0;0.0
2024-02-28 00:46:00;0.0;1.2;0.0
2024-02-28 00:48:00;0.0;1.2;0.0
2024-02-28 00:50:00;0.0;0.0;0.0
2024-02-28 00:52:00;0.0;1.2;0.0
2024-02-28 00:54:00;0.0;1.2;0.0
2024-02-28 00:56:00;0.0;0.0;0.0
2024-02-28 00:58:00;0.0;1.2;0.0
2024-02-28 01:00:00;0.0;0.0;0.0
2024-02-28 01:02:00;0.0;1.2;0.0
2024-02-28 01:04:00;0.0;1.2;0.0
2024-02-28 01:06:00;0.0;0.0;0.0
2024-02-28 01:08:00;0.0;1.2;0.0
2024-02-28 01:10:00;0.0;0.0;0.0
2024-02-28 01:12:00;0.0;1.2;0.0
2024-02-28 01:14:00;0.0;1.2;0.0
2024-02-28 01:16:00;0.0;0.0;0.0
2024-02-28 01:18:00;0.0;1.2;0.0
2024-02-28 01:20:00;0.0;0.0;0.0
2024-02-28 01:22:00;0.0;1.2;0.0
2024-02-28 01:24:00;0.0;1.2;0.0
2024-02-28 01:26:00;0.0;0.0;0.0
2024-02-28 01:28:00;0.0;1.2;0.0
2024-02-28 01:30:00;0.0;0.0;0.0
2024-02-28 01:32:00;0.0;1.2;0.0
2024-02-28 01:34:00;0.0;1.2;0.0
2024-02-28 01:36:00;0.0;0.0;0.0
2024-02-28 01:38:00;0.0;1.2;0.0
2024-02-28 01:40:00;0.0;0.0;0.0
2024-02-28 01:42:00;0.0;1.2;0.0
2024-02-28 01:44:00;0.0;1.2;0.0
2024-02-28 01:46:00;0.0;0.0;0.0
2024-02-28 01:48:00;0.0;1.2;0.0
2024-02-28 01:50:00;0.0;0.0;0.0
2024-02-28 01:52:00;0.0;1.2;0.0
2024-02-28 01:54:00;0.0;1.2;0.0
2024-02-28 01:56:00;0.0;0.0;0.0
2024-02-28 01:58:00;0.0;1.2;0.0
2024-02-28 02:00:00;0.0;0.0;0.0
2024-02-28 02:02:00;0.0;1.2;0.0
2024-02-28 02:04:00;0.0;0.0;0.0
2024-02-28 02:06:00;0.0;1.2;0.0
2024-02-28 02:08:00;0.0;1.2;0.0
2024-02-28 02:10:00;0.0;0.0;0.0
2024-02-28 02:12:00;0.0;1.2;0.0
2024-02-28 02:14:00;0.0;0.0;0.0
2024-02-28 02:16:00;0.0;1.2;0.0
2024-02-28 02:18:00;0.0;0.0;0.0
2024-02-28 02:20:00;0.0;1.2;0.0
2024-02-28 02:22:00;0.0;1.2;0.0
2024-02-28 02:24:00;0.0;0.0;0.0
2024-02-28 02:26:00;0.0;1.2;0.0
2024-02-28 02:28:00;0.0;0.0;0.0
2024-02-28 02:30:00;0.0;1.2;0.0
2024-02-28 02:32:00;0.0;0.0;0.0
2024-02-28 02:34:00;0.0;1.2;0.0
2024-02-28 02:36:00;0.0;0.0;0.0
2024-02-28 02:38:00;0.0;1.2;0.0
2024-02-28 02:40:00;0.0;1.2;0.0
2024-02-28 02:42:00;0.0;0.0;0.0
2024-02-28 02:44:00;0.0;1.2;0.0
2024-02-28 02:46:00;0.0;0.0;0.0
2024-02-28 02:48:00;0.0;1.2;0.0
2024-02-28 02:50:00;0.0;0.0;0.0
2024-02-28 02:52:00;0.0;1.2;0.0
2024-02-28 02:54:00;0.0;0.0;0.0
2024-02-28 02:56:00;0.0;1.2;0.0
2024-02-28 02:58:00;0.0;0.0;0.0
2024-02-28 03:00:00;0.0;1.2;0.0
2024-02-28 03:02:00;0.0;1.2;0.0
2024-02-28 03:04:00;0.0;0.0;0.0
2024-02-28 03:06:00;0.0;1.2;0.0
2024-02-28 03:08:00;0.0;0.0;0.0
2024-02-28 03:10:00;0.0;1.2;0.0
2024-02-28 03:12:00;0.0;0.0;0.0
2024-02-28 03:14:00;0.0;1.2;0.0
2024-02-28 03:16:00;0.0;0.0;0.0
2024-02-28 03:18:00;0.0;1.2;0.0
2024-02-28 03:20:00;0.0;0.0;0.0
2024-02-28 03:22:00;0.0;1.2;0.0
2024-02-28 03:24:00;0.0;0.0;0.0
2024-02-28 03:26:00;0.0;1.2;0.0
2024-02-28 03:28:00;0.0;0.0;0.0
2024-02-28 03:30:00;0.0;1.2;0.0
2024-02-28 03:32:00;0.0;0.0;0.0
2024-02-28 03:34:00;0.0;1.2;0.0
2024-02-28 03:36:00;0.0;0.0;0.0
2024-02-28 03:38:00;0.0;1.2;0.0
2024-02-28 03:40:00;0.0;0.0;0.0
2024-02-28 03:42:00;0.0;1.2;0.0
2024-02-28 03:44:00;0.0;0.0;0.0
2024-02-28 03:46:00;0.0;1.2;0.0
2024-02-28 03:48:00;0.0;0.0;0.0
2024-02-28 03:50:00;0.0;1.2;0.0
2024-02-28 03:52:00;0.0;0.0;0.0
2024-02-28 03:54:00;0.0;1.2;0.0
2024-02-28 03:56:00;0.0;0.0;0.0
2024-02-28 03:58:00;0.0;1.2;0.0
2024-02-28 04:00:00;0.0;0.0;0.0
2024-02-28 04:02:00;0.0;1.2;0.0
2024-02-28 04:04:00;0.0;0.0;0.0
2024-02-28 04:06:00;0.0;1.2;0.0
2024-02-28 04:08:00;0.0;0.0;0.0
2024-02-28 04:10:00;0.0;1.2;0.0
2024-02-28 04:12:00;0.0;0.0;0.0
2024-02-28 04:14:00;0.0;1.2;0.0
2024-02-28 04:16:00;0.0;0.0;0.0
2024-02-28 04:18:00;0.0;1.2;0.0
2024-02-28 04:20:00;0.0;0.0;0.0
2024-02-28 04:22:00;0.0;1.2;0.0
2024-02-28 04:24:00;0.0;0.0;0.0
2024-02-28 04:26:00;0.0;1.2;0.0
2024-02-28 04:28:00;0.0;0.0;0.0
2024-02-28 04:30:00;0.0;1.2;0.0
2024-02-28 04:32:00;0.0;0.0;0.0
2024-02-28 04:34:00;0.0;1.2;0.0
2024-02-28 04:36:00;0.0;0.0;0.0
2024-02-28 04:38:00;0.0;1.2;0.0
2024-02-28 04:40:00;0.0;0.0;0.0
2024-02-28 04:42:00;0.0;1.2;0.0
2024-02-28 04:44:00;0.0;0.0;0.0
2024-02-28 04:46:00;0.0;0.0;0.0
2024-02-28 04:48:00;0.0;1.2;0.0
2024-02-28 04:50:00;0.0;0.0;0.0
2024-02-28 04:52:00;0.0;1.2;0.0
2024-02-28 04:54:00;0.0;0.0;0.0
2024-02-28 04:56:00;0.0;1.2;0.0
2024-02-28 04:58:00;0.0;0.0;0.0
2024-02-28 05:00:00;0.0;1.2;0.0
2024-02-28 05:02:00;0.0;0.0;0.0
2024-02-28 05:04:00;0.0;1.2;0.0
2024-02-28 05:06:00;0.0;0.0;0.0
2024-02-28 05:08:00;0.0;0.0;0.0
2024-02-28 05:10:00;0.0;1.2;0.0
2024-02-28 05:12:00;0.0;0.0;0.0
2024-02-28 05:14:00;0.0;1.2;0.0
2024-02-28 05:16:00;0.0;0.0;0.0
2024-02-28 05:18:00;0.0;1.2;0.0
2024-02-28 05:20:00;0.0;0.0;0.0
2024-02-28 05:22:00;0.0;0.0;0.0
2024-02-28 05:24:00;0.0;1.2;0.0
2024-02-28 05:26:00;0.0;0.0;0.0
2024-02-28 05:28:00;0.0;1.2;0.0
2024-02-28 05:30:00;0.0;0.0;0.0
2024-02-28 05:32:00;0.0;1.2;0.0
2024-02-28 05:34:00;0.0;0.0;0.0
2024-02-28 05:36:00;0.0;1.2;0.0
2024-02-28 05:38:00;0.0;0.0;0.0
2024-02-28 05:40:00;0.0;0.0;0.0
2024-02-28 05:42:00;0.0;1.2;0.0
2024-02-28 05:44:00;0.0;0.0;0.0
2024-02-28 05:46:00;0.0;1.2;0.0
2024-02-28 05:48:00;0.0;0.0;0.0
2024-02-28 05:50:00;0.0;1.2;0.0
2024-02-28 05:52:00;0.0;0.0;0.0
2024-02-28 05:54:00;0.0;0.0;0.0
2024-02-28 05:56:00;0.0;1.2;0.0
2024-02-28 05:58:00;0.0;0.0;0.0
2024-02-28 06:00:00;0.0;1.2;0.0
2024-02-28 06:02:00;0.0;0.0;0.0
2024-02-28 06:04:00;0.0;0.0;0.0
2024-02-28 06:06:00;0.0;1.2;0.0
2024-02-28 06:08:00;0.0;0.0;0.0
2024-02-28 06:10:00;0.0;1.2;0.0
2024-02-28 06:12:00;0.0;0.0;0.0
2024-02-28 06:14:00;0.0;1.2;0.0
2024-02-28 06:16:00;0.0;0.0;0.0
2024-02-28 06:18:00;0.0;0.0;0.0
2024-02-28 06:20:00;0.0;1.2;2.4
2024-02-28 06:22:00;0.0;0.0;243.6
2024-02-28 06:24:00;0.0;1.2;48.0
2024-02-28 06:26:00;0.0;0.0;34.8
2024-02-28 06:28:00;0.0;0.0;27.6
2024-02-28 06:30:00;0.0;1.2;21.6
2024-02-28 06:32:00;0.0;0.0;19.2
2024-02-28 06:34:00;0.0;1.2;15.6
2024-02-28 06:36:00;0.0;0.0;15.0
2024-02-28 06:38:00;0.0;0.0;13.8
2024-02-28 06:40:00;0.0;1.2;10.8
2024-02-28 06:42:00;0.0;0.0;10.2
2024-02-28 06:44:00;0.0;1.2;7.2
2024-02-28 06:46:00;0.0;0.0;7.8
2024-02-28 06:48:00;0.0;0.0;7.2
2024-02-28 06:50:00;0.0;1.2;4.8
2024-02-28 06:52:00;0.0;0.0;8.4
2024-02-28 06:54:00;0.0;0.0;162.6
2024-02-28 06:56:00;0.0;1.2;34.8
2024-02-28 06:58:00;0.0;0.0;28.8
2024-02-28 07:00:00;0.0;1.2;22.8
2024-02-28 07:02:00;0.0;0.0;21.6
2024-02-28 07:04:00;0.0;0.0;18.0
2024-02-28 07:06:00;0.0;1.2;15.0
2024-02-28 07:08:00;0.0;0.0;14.4
2024-02-28 07:10:00;0.0;1.2;10.8
2024-02-28 07:12:00;0.0;0.0;10.8
2024-02-28 07:14:00;0.0;0.0;10.2
2024-02-28 07:16:00;0.0;1.2;8.4
2024-02-28 07:18:00;0.0;0.0;8.4
2024-02-28 07:20:00;0.0;0.0;8.4
2024-02-28 07:22:00;0.0;1.2;6.0
2024-02-28 07:24:00;0.0;0.0;6.6
2024-02-28 07:26:00;0.0;1.2;6.0
2024-02-28 07:28:00;0.0;0.0;6.0
2024-02-28 07:30:00;0.0;0.0;6.0
2024-02-28 07:32:00;0.0;1.2;3.6
2024-02-28 07:34:00;0.0;0.0;4.8
2024-02-28 07:36:00;0.0;0.0;4.2
2024-02-28 07:38:00;0.0;1.2;3.0
2024-02-28 07:40:00;0.0;0.0;3.0
2024-02-28 07:42:00;0.0;1.2;2.4
2024-02-28 07:44:00;0.0;0.0;3.6
2024-02-28 07:46:00;0.0;0.0;3.0
2024-02-28 07:48:00;0.0;1.2;1.2
2024-02-28 07:50:00;0.0;0.0;3.0
2024-02-28 07:52:00;0.0;0.0;1.8
2024-02-28 07:54:00;0.0;1.2;1.2
2024-02-28 07:56:00;0.0;0.0;1.8
2024-02-28 07:58:00;0.0;0.0;2.4
2024-02-28 08:00:00;0.0;1.2;0.6
2024-02-28 08:02:00;0.0;0.0;1.8
2024-02-28 08:04:00;0.0;0.0;1.2
2024-02-28 08:06:00;0.0;1.2;0.6
2024-02-28 08:08:00;0.0;0.0;1.2
2024-02-28 08:10:00;0.0;0.0;1.2
2024-02-28 08:12:00;0.0;1.2;0.0
2024-02-28 08:14:00;0.0;0.0;1.2
2024-02-28 08:16:00;0.0;0.0;0.6
2024-02-28 08:18:00;0.0;1.2;0.0
2024-02-28 08:20:00;0.0;0.0;0.6
2024-02-28 08:22:00;0.0;0.0;0.6
2024-02-28 08:24:00;0.0;1.2;0.0
2024-02-28 08:26:00;0.0;0.0;0.0
2024-02-28 08:28:00;0.0;0.0;0.6
2024-02-28 08:30:00;0.0;1.2;0.0
2024-02-28 08:32:00;0.0;0.0;0.6
2024-02-28 08:34:00;0.0;0.0;0.6
2024-02-28 08:36:00;0.0;1.2;0.0
2024-02-28 08:38:00;0.0;0.0;0.6
2024-02-28 08:40:00;0.0;0.0;0.6
2024-02-28 08:42:00;0.0;1.2;0.0
2024-02-28 08:44:00;0.0;0.0;0.0
2024-02-28 08:46:00;0.0;0.0;0.6
2024-02-28 08:48:00;0.0;1.2;0.0
2024-02-28 08:50:00;0.0;0.0;0.0
2024-02-28 08:52:00;0.0;0.0;0.6
2024-02-28 08:54:00;0.0;1.2;0.0
2024-02-28 08:56:00;0.0;0.0;0.6
2024-02-28 08:58:00;0.0;0.0;0.0
2024-02-28 09:00:00;0.0;1.2;0.0
2024-02-28 09:02:00;0.0;0.0;0.0
2024-02-28 09:04:00;0.0;0.0;0.0
2024-02-28 09:06:00;0.0;1.2;0.0
2024-02-28 09:08:00;0.0;0.0;0.0
2024-02-28 09:10:00;0.0;0.0;0.0
2024-02-28 09:12:00;0.0;0.0;0.0
2024-02-28 09:14:00;0.0;1.2;0.0
2024-02-28 09:16:00;0.0;0.0;0.6
2024-02-28 09:18:00;0.0;0.0;0.0
2024-02-28 09:20:00;0.0;1.2;0.0
2024-02-28 09:22:00;0.0;0.0;0.0
2024-02-28 09:24:00;0.0;0.0;0.0
2024-02-28 09:26:00;0.0;1.2;0.0
2024-02-28 09:28:00;0.0;0.0;0.6
2024-02-28 09:30:00;0.0;0.0;0.0
2024-02-28 09:32:00;0.0;0.0;0.0
2024-02-28 09:34:00;0.0;1.2;0.0
2024-02-28 09:36:00;0.0;0.0;0.0
2024-02-28 09:38:00;0.0;0.0;0.0
2024-02-28 09:40:00;0.0;1.2;0.0
2024-02-28 09:42:00;0.0;0.0;0.0
2024-02-28 09:44:00;0.0;0.0;0.0
2024-02-28 09:46:00;0.0;0.0;0.0
2024-02-28 09:48:00;0.0;1.2;0.0
2024-02-28 09:50:00;0.0;0.0;0.0
2024-02-28 09:52:00;0.0;0.0;0.6
2024-02-28 09:54:00;0.0;1.2;0.0
2024-02-28 09:56:00;0.0;0.0;0.0
2024-02-28 09:58:00;0.0;0.0;0.0
2024-02-28 10:00:00;0.0;1.2;0.0
2024-02-28 10:02:00;0.0;0.0;0.0
2024-02-28 10:04:00;0.0;0.0;0.0
2024-02-28 10:06:00;0.0;0.0;0.0
2024-02-28 10:08:00;0.0;1.2;0.0
2024-02-28 10:10:00;0.0;0.0;0.0
2024-02-28 10:12:00;0.0;0.0;0.0
2024-02-28 10:14:00;0.0;0.0;0.0
2024-02-28 10:16:00;0.0;1.2;0.0
2024-02-28 10:18:00;0.0;0.0;0.0
2024-02-28 10:20:00;0.0;0.0;0.0
2024-02-28 10:22:00;0.0;1.2;0.0
2024-02-28 10:24:00;0.0;0.0;0.0
2024-02-28 10:26:00;0.0;0.0;0.6
2024-02-28 10:28:00;0.0;0.0;0.0
2024-02-28 10:30:00;0.0;1.2;0.0
2024-02-28 10:32:00;0.0;0.0;0.0
2024-02-28 10:34:00;0.0;0.0;0.0
2024-02-28 10:36:00;0.0;0.0;0.0
2024-02-28 10:38:00;0.0;1.2;0.0
2024-02-28 10:40:00;0.0;0.0;0.0
2024-02-28 10:42:00;0.0;0.0;0.0
2024-02-28 10:44:00;0.0;1.2;0.0
2024-02-28 10:46:00;0.0;0.0;0.0
2024-02-28 10:48:00;0.0;0.0;0.0
2024-02-28 10:50:00;0.0;0.0;0.0
2024-02-28 10:52:00;0.0;0.0;0.0
2024-02-28 10:54:00;0.0;1.2;0.0
2024-02-28 10:56:00;0.0;0.0;0.0
2024-02-28 10:58:00;0.0;0.0;0.0
2024-02-28 11:00:00;0.0;1.2;0.0
2024-02-28 11:02:00;0.0;0.0;0.6
2024-02-28 11:04:00;0.0;0.0;0.0
2024-02-28 11:06:00;0.0;0.0;0.0
2024-02-28 11:08:00;0.0;1.2;0.0
2024-02-28 11:10:00;0.0;0.0;0.0
2024-02-28 11:12:00;0.0;0.0;0.0
2024-02-28 11:14:00;0.0;0.0;0.0
2024-02-28 11:16:00;0.0;1.2;0.0
2024-02-28 11:18:00;0.0;0.0;0.0
2024-02-28 11:20:00;0.0;0.0;0.0
2024-02-28 11:22:00;0.0;0.0;0.0
2024-02-28 11:24:00;0.0;0.0;0.0
2024-02-28 11:26:00;0.0;1.2;0.0
2024-02-28 11:28:00;0.0;0.0;0.0
2024-02-28 11:30:00;0.0;0.0;0.0
2024-02-28 11:32:00;0.0;0.0;0.0
2024-02-28 11:34:00;0.0;1.2;0.0
2024-02-28 11:36:00;0.0;0.0;0.0
2024-02-28 11:38:00;0.0;0.0;0.0
2024-02-28 11:40:00;0.0;0.0;0.0
2024-02-28 11:42:00;0.0;1.2;0.0
2024-02-28 11:44:00;0.0;0.0;0.0
2024-02-28 11:46:00;0.0;0.0;0.0
2024-02-28 11:48:00;0.0;0.0;0.0
2024-02-28 11:50:00;0.0;0.0;0.0
2024-02-28 11:52:00;0.0;1.2;0.0
2024-02-28 11:54:00;0.0;0.0;0.0
2024-02-28 11:56:00;0.0;0.0;0.0
2024-02-28 11:58:00;0.0;0.0;0.0
2024-02-28 12:00:00;0.0;1.2;0.0
2024-02-28 12:02:00;0.0;0.0;0.0
2024-02-28 12:04:00;0.0;0.0;0.0
2024-02-28 12:06:00;0.0;0.0;0.0
2024-02-28 12:08:00;0.0;0.0;0.0
2024-02-28 12:10:00;0.0;1.2;0.0
2024-02-28 12:12:00;0.0;0.0;0.0
2024-02-28 12:14:00;0.0;0.0;0.0
2024-02-28 12:16:00;0.0;0.0;0.0
2024-02-28 12:18:00;0.0;1.2;0.0
2024-02-28 12:20:00;0.0;0.0;0.0
2024-02-28 12:22:00;0.0;0.0;0.0
2024-02-28 12:24:00;0.0;0.0;0.0
2024-02-28 12:26:00;0.0;0.0;0.0
2024-02-28 12:28:00;0.0;1.2;0.0
2024-02-28 12:30:00;0.0;0.0;0.0
2024-02-28 12:32:00;0.0;0.0;0.0
2024-02-28 12:34:00;0.0;0.0;0.0
2024-02-28 12:36:00;0.0;0.0;0.0
2024-02-28 12:38:00;0.0;1.2;0.0
2024-02-28 12:40:00;0.0;0.0;0.0
2024-02-28 12:42:00;0.0;0.0;0.0
2024-02-28 12:44:00;0.0;0.0;0.0
2024-02-28 12:46:00;0.0;0.0;0.0
2024-02-28 12:48:00;0.0;1.2;0.0
2024-02-28 12:50:00;0.0;0.0;0.0
2024-02-28 12:52:00;0.0;0.0;0.6
2024-02-28 12:54:00;0.0;0.0;0.0
2024-02-28 12:56:00;0.0;0.0;0.0
2024-02-28 12:58:00;0.0;0.0;0.0
2024-02-28 13:00:00;0.0;1.2;0.0
2024-02-28 13:02:00;0.0;0.0;0.0
2024-02-28 13:04:00;0.0;0.0;0.0
2024-02-28 13:06:00;0.0;0.0;0.0
2024-02-28 13:08:00;0.0;0.0;0.0
2024-02-28 13:10:00;0.0;1.2;0.0
2024-02-28 13:12:00;0.0;0.0;0.0
2024-02-28 13:14:00;0.0;0.0;0.0
2024-02-28 13:16:00;0.0;0.0;0.0
2024-02-28 13:18:00;0.0;0.0;0.0
2024-02-28 13:20:00;0.0;0.0;0.0
2024-02-28 13:22:00;0.0;1.2;0.0
2024-02-28 13:24:00;0.0;0.0;0.0
2024-02-28 13:26:00;0.0;0.0;0.0
2024-02-28 13:28:00;0.0;0.0;0.0
2024-02-28 13:30:00;0.0;0.0;0.0
2024-02-28 13:32:00;0.0;1.2;0.0
2024-02-28 13:34:00;0.0;0.0;0.0
2024-02-28 13:36:00;0.0;0.0;0.0
2024-02-28 13:38:00;0.0;0.0;0.0
2024-02-28 13:40:00;0.0;0.0;0.0
2024-02-28 13:42:00;0.0;0.0;0.0
2024-02-28 13:44:00;0.0;1.2;0.0
2024-02-28 13:46:00;0.0;0.0;0.0
2024-02-28 13:48:00;0.0;0.0;0.0
2024-02-28 13:50:00;0.0;0.0;0.0
2024-02-28 13:52:00;0.0;0.0;0.0
2024-02-28 13:54:00;0.0;0.0;0.0
2024-02-28 13:56:00;0.0;1.2;0.0
2024-02-28 13:58:00;0.0;0.0;0.6
2024-02-28 14:00:00;0.0;0.0;0.0
2024-02-28 14:02:00;0.0;0.0;0.0
2024-02-28 14:04:00;0.0;0.0;0.0
2024-02-28 14:06:00;0.0;0.0;0.0
2024-02-28 14:08:00;0.0;0.0;0.0
2024-02-28 14:10:00;0.0;1.2;0.0
2024-02-28 14:12:00;0.0;0.0;0.0
2024-02-28 14:14:00;0.0;0.0;0.0
2024-02-28 14:16:00;0.0;0.0;0.0
2024-02-28 14:18:00;0.0;0.0;0.0
2024-02-28 14:20:00;0.0;0.0;0.0
2024-02-28 14:22:00;0.0;1.2;0.0
2024-02-28 14:24:00;0.0;0.0;0.0
2024-02-28 14:26:00;0.0;0.0;0.0
2024-02-28 14:28:00;0.0;0.0;0.0
2024-02-28 14:30:00;0.0;0.0;0.0
2024-02-28 14:32:00;0.0;0.0;0.0
2024-02-28 14:34:00;0.0;1.2;0.0
2024-02-28 14:36:00;0.0;0.0;0.0
2024-02-28 14:38:00;0.0;0.0;0.0
2024-02-28 14:40:00;0.0;0.0;0.0
2024-02-28 14:42:00;0.0;0.0;0.0
2024-02-28 14:44:00;0.0;0.0;0.0
2024-02-28 14:46:00;0.0;0.0;0.0
2024-02-28 14:48:00;0.0;1.2;0.0
2024-02-28 14:50:00;0.0;0.0;0.0
2024-02-28 14:52:00;0.0;0.0;0.0
2024-02-28 14:54:00;0.0;0.0;0.0
2024-02-28 14:56:00;0.0;0.0;0.0
2024-02-28 14:58:00;0.0;0.0;0.0
2024-02-28 15:00:00;0.0;0.0;0.0
2024-02-28 15:02:00;0.0;1.2;0.0
2024-02-28 15:04:00;0.0;0.0;0.0
2024-02-28 15:06:00;0.0;0.0;0.0
2024-02-28 15:08:00;0.0;0.0;0.0
2024-02-28 15:10:00;0.0;0.0;0.0
2024-02-28 15:12:00;0.0;0.0;0.6
2024-02-28 15:14:00;0.0;0.0;0.0
2024-02-28 15:16:00;0.0;0.0;0.0
2024-02-28 15:18:00;0.0;1.2;0.0
2024-02-28 15:20:00;0.0;0.0;0.0
2024-02-28 15:22:00;0.0;0.0;0.0
2024-02-28 15:24:00;0.0;0.0;0.0
2024-02-28 15:26:00;0.0;0.0;0.0
2024-02-28 15:28:00;0.0;0.0;0.0
2024-02-28 15:30:00;0.0;0.0;0.0
2024-02-28 15:32:00;0.0;0.0;0.0
2024-02-28 15:34:00;0.0;1.2;0.0
2024-02-28 15:36:00;0.0;0.0;0.0
2024-02-28 15:38:00;0.0;0.0;0.0
2024-02-28 15:40:00;0.0;0.0;0.0
2024-02-28 15:42:00;0.0;0.0;0.0
2024-02-28 15:44:00;0.0;0.0;0.0
2024-02-28 15:46:00;0.0;0.0;0.0
2024-02-28 15:48:00;0.0;0.0;0.0
2024-02-28 15:50:00;0.0;1.2;0.0
2024-02-28 15:52:00;0.0;0.0;0.0
2024-02-28 15:54:00;0.0;0.0;0.0
2024-02-28 15:56:00;0.0;0.0;0.0
2024-02-28 15:58:00;0.0;0.0;0.0
2024-02-28 16:00:00;0.0;0.0;0.0
2024-02-28 16:02:00;0.0;0.0;0.0
2024-02-28 16:04:00;0.0;0.0;0.0
2024-02-28 16:06:00;0.0;0.0;0.0
2024-02-28 16:08:00;0.0;1.2;0.0
2024-02-28 16:10:00;0.0;0.0;0.0
2024-02-28 16:12:00;0.0;0.0;0.0
2024-02-28 16:14:00;0.0;0.0;0.0
2024-02-28 16:16:00;0.0;0.0;0.0
2024-02-28 16:18:00;0.0;0.0;0.0
2024-02-28 16:20:00;0.0;0.0;0.0
2024-02-28 16:22:00;0.0;0.0;0.0
2024-02-28 16:24:00;0.0;0.0;0.0
2024-02-28 16:26:00;0.0;0.0;0.0
2024-02-28 16:28:00;0.0;1.2;0.0
2024-02-28 16:30:00;0.0;0.0;0.0
2024-02-28 16:32:00;0.0;0.0;0.6
2024-02-28 16:34:00;0.0;0.0;0.0
2024-02-28 16:36:00;0.0;0.0;0.0
2024-02-28 16:38:00;0.0;0.0;0.0
2024-02-28 16:40:00;0.0;0.0;0.0
2024-02-28 16:42:00;0.0;0.0;0.0
2024-02-28 16:44:00;0.0;0.0;0.0
2024-02-28 16:46:00;0.0;0.0;0.0
2024-02-28 16:48:00;0.0;0.0;0.0
2024-02-28 16:50:00;0.0;1.2;0.0
2024-02-28 16:52:00;0.0;0.0;0.0
2024-02-28 16:54:00;0.0;0.0;0.0
2024-02-28 16:56:00;0.0;0.0;0.0
2024-02-28 16:58:00;0.0;0.0;0.0
2024-02-28 17:00:00;0.0;0.0;0.0
2024-02-28 17:02:00;0.0;0.0;0.0
2024-02-28 17:04:00;0.0;0.0;0.0
2024-02-28 17:06:00;0.0;0.0;0.0
2024-02-28 17:08:00;0.0;0.0;0.0
2024-02-28 17:10:00;0.0;0.0;0.0
2024-02-28 17:12:00;0.0;1.2;0.0
2024-02-28 17:14:00;0.0;0.0;0.0
2024-02-28 17:16:00;0.0;0.0;0.0
2024-02-28 17:18:00;0.0;0.0;0.0
2024-02-28 17:20:00;0.0;0.0;0.0
2024-02-28 17:22:00;0.0;0.0;0.0
2024-02-28 17:24:00;0.0;0.0;0.0
2024-02-28 17:26:00;0.0;0.0;0.0
2024-02-28 17:28:00;0.0;0.0;0.0
2024-02-28 17:30:00;0.0;0.0;0.0
2024-02-28 17:32:00;0.0;0.0;0.0
2024-02-28 17:34:00;0.0;0.0;0.0
2024-02-28 17:36:00;0.0;0.0;0.0
2024-02-28 17:38:00;0.0;0.0;0.0
2024-02-28 17:40:00;0.0;1.2;0.0
2024-02-28 17:42:00;0.0;0.0;0.0
2024-02-28 17:44:00;0.0;0.0;0.0
2024-02-28 17:46:00;0.0;0.0;0.0
2024-02-28 17:48:00;0.0;0.0;0.0
2024-02-28 17:50:00;0.0;0.0;0.6
2024-02-28 17:52:00;0.0;0.0;0.0
2024-02-28 17:54:00;0.0;0.0;0.0
2024-02-28 17:56:00;0.0;0.0;0.0
2024-02-28 17:58:00;0.0;0.0;0.0
2024-02-28 18:00:00;0.0;0.0;0.0
2024-02-28 18:02:00;0.0;0.0;0.0
2024-02-28 18:04:00;0.0;0.0;0.0
2024-02-28 18:06:00;0.0;0.0;0.0
2024-02-28 18:08:00;0.0;0.0;0.0
2024-02-28 18:10:00;0.0;0.0;0.0
2024-02-28 18:12:00;0.0;1.2;0.0
2024-02-28 18:14:00;0.0;0.0;0.0
2024-02-28 18:16:00;0.0;0.0;0.0
2024-02-28 18:18:00;0.0;0.0;0.0
2024-02-28 18:20:00;0.0;0.0;0.0
2024-02-28 18:22:00;0.0;0.0;0.0
2024-02-28 18:24:00;0.0;0.0;0.0
2024-02-28 18:26:00;0.0;0.0;0.0
2024-02-28 18:28:00;0.0;0.0;0.0
2024-02-28 18:30:00;0.0;0.0;0.0
2024-02-28 18:32:00;0.0;0.0;0.0
2024-02-28 18:34:00;0.0;0.0;0.0
2024-02-28 18:36:00;0.0;0.0;0.0
2024-02-28 18:38:00;0.0;0.0;0.0
2024-02-28 18:40:00;0.0;0.0;0.0
2024-02-28 18:42:00;0.0;0.0;0.0
2024-02-28 18:44:00;0.0;0.0;0.0
2024-02-28 18:46:00;0.0;0.0;0.0
2024-02-28 18:48:00;0.0;1.2;0.0
2024-02-28 18:50:00;0.0;0.0;0.0
2024-02-28 18:52:00;0.0;0.0;0.0
2024-02-28 18:54:00;0.0;0.0;0.0
2024-02-28 18:56:00;0.0;0.0;0.0
2024-02-28 18:58:00;0.0;0.0;0.0
2024-02-28 19:00:00;0.0;0.0;0.0
2024-02-28 19:02:00;0.0;0.0;0.0
2024-02-28 19:04:00;0.0;0.0;0.0
2024-02-28 19:06:00;0.0;0.0;0.0
2024-02-28 19:08:00;0.0;0.0;0.0
2024-02-28 19:10:00;0.0;0.0;0.0
2024-02-28 19:12:00;0.0;0.0;0.0
2024-02-28 19:14:00;0.0;0.0;0.0
2024-02-28 19:16:00;0.0;0.0;0.0
2024-02-28 19:18:00;0.0;0.0;0.6
2024-02-28 19:20:00;0.0;0.0;0.0
2024-02-28 19:22:00;0.0;0.0;0.0
2024-02-28 19:24:00;0.0;0.0;0.0
2024-02-28 19:26:00;0.0;0.0;0.0
2024-02-28 19:28:00;0.0;0.0;0.0
2024-02-28 19:30:00;0.0;0.0;0.0
2024-02-28 19:32:00;0.0;0.0;0.0
2024-02-28 19:34:00;0.0;0.0;0.0
2024-02-28 19:36:00;0.0;0.0;0.0
2024-02-28 19:38:00;0.0;0.0;0.0
2024-02-28 19:40:00;0.0;0.0;0.0
2024-02-28 19:42:00;0.0;0.0;0.0
2024-02-28 19:44:00;0.0;0.0;0.0
2024-02-28 19:46:00;0.0;0.0;0.0
2024-02-28 19:48:00;0.0;1.2;0.0
2024-02-28 19:50:00;0.0;0.0;0.0
2024-02-28 19:52:00;0.0;1.2;0.0
2024-02-28 19:54:00;0.0;0.0;0.0
2024-02-28 19:56:00;0.0;0.0;0.0
2024-02-28 19:58:00;0.0;0.0;0.0
2024-02-28 20:00:00;0.0;0.0;0.0
2024-02-28 20:02:00;0.0;0.0;0.0
2024-02-28 20:04:00;0.0;0.0;0.0
2024-02-28 20:06:00;0.0;0.0;0.0
2024-02-28 20:08:00;0.0;0.0;0.0
2024-02-28 20:10:00;0.0;0.0;0.0
2024-02-28 20:12:00;0.0;0.0;0.0
2024-02-28 20:14:00;0.0;0.0;0.0
2024-02-28 20:16:00;0.0;0.0;0.0
2024-02-28 20:18:00;0.0;0.0;0.0
2024-02-28 20:20:00;0.0;0.0;0.0
2024-02-28 20:22:00;0.0;0.0;0.0
2024-02-28 20:24:00;0.0;0.0;0.0
2024-02-28 20:26:00;0.0;0.0;0.0
2024-02-28 20:28:00;0.0;0.0;0.0
2024-02-28 20:30:00;0.0;0.0;0.0
2024-02-28 20:32:00;0.0;0.0;0.0
2024-02-28 20:34:00;0.0;0.0;0.0
2024-02-28 20:36:00;0.0;0.0;0.0
2024-02-28 20:38:00;0.0;0.0;0.0
2024-02-28 20:40:00;0.0;0.0;0.0
2024-02-28 20:42:00;0.0;0.0;0.0
2024-02-28 20:44:00;0.0;0.0;0.0
2024-02-28 20:46:00;0.0;0.0;0.0
2024-02-28 20:48:00;0.0;0.0;0.0
2024-02-28 20:50:00;0.0;0.0;0.0
2024-02-28 20:52:00;0.0;0.0;0.6
