year;event_id;dt_sec;i0_core;i1_core;i0_evt;i1_evt;file_csv;hp_mm;hr_mm;hi_mm;Vruiss_m3;Vinf_m3;Qmax_ruiss_LH;Qmax_inf_LH;dur_evt_min;v_inf_mm_h
2022;event_2022_001;120.0;55;135;25;3380;C:\Git\PFE\CSR_Lyon\02_Data\all_events1\2022\event_2022_001.csv;21.0;5.264163120567376;7.098645390070922;0.4948313333333333;0.6672726666666666;346.67;123.52;6712.0;0.0634563056323384
2022;event_2022_002;120.0;8093;8182;8063;9583;C:\Git\PFE\CSR_Lyon\02_Data\all_events1\2022\event_2022_002.csv;6.75;3.078936170212766;1.2212765957446807;0.28942;0.1148;323.5;44.4;3042.0;0.02408829577405682
2022;event_2022_003;120.0;22883;22980;22853;25222;C:\Git\PFE\CSR_Lyon\02_Data\all_events1\2022\event_2022_003.csv;8.25;0.857872340425532;1.4097872340425532;0.08064;0.13252;196.0;12.0;4740.0;0.017845408025855103
2022;event_2022_004;120.0;35118;35189;35088;39254;C:\Git\PFE\CSR_Lyon\02_Data\all_events1\2022\event_2022_004.csv;35.24;11.373492907801419;19.88609929078014;1.0691083333333333;1.8692933333333333;941.6;261.2;8334.0;0.1431684614167037
2022;event_2022_005;120.0;40749;40783;40719;40813;C:\Git\PFE\CSR_Lyon\02_Data\all_events1\2022\event_2022_005.csv;0.75;0.027659574468085108;0.0008510638297872339;0.0026;7.999999999999999e-05;7.8;1.2;190.0;0.00026875699888017913
2022;event_2022_006;120.0;41137;41232;41107;41262;C:\Git\PFE\CSR_Lyon\02_Data\all_events1\2022\event_2022_006.csv;1.0;0.1674468085106383;0.0;0.01574;0.0;22.8;0.0;312.0;0.0
2022;event_2022_007;120.0;42171;42198;42141;42228;C:\Git\PFE\CSR_Lyon\02_Data\all_events1\2022\event_2022_007.csv;0.75;0.03787234042553191;0.0;0.0035600000000000002;0.0;13.2;0.0;176.0;0.0
2022;event_2022_008;120.0;52354;52414;52324;55768;C:\Git\PFE\CSR_Lyon\02_Data\all_events1\2022\event_2022_008.csv;15.0;5.612783687943263;7.081294326241134;0.5276016666666666;0.6656416666666667;397.7;117.6;6890.0;0.06166584318932773
2022;event_2022_009;120.0;68553;68594;68523;68624;C:\Git\PFE\CSR_Lyon\02_Data\all_events1\2022\event_2022_009.csv;1.5;0.5305673758865249;0.0;0.04987333333333334;0.0;128.2;0.0;204.0;0.0
2022;event_2022_010;120.0;73289;73327;73259;73357;C:\Git\PFE\CSR_Lyon\02_Data\all_events1\2022\event_2022_010.csv;1.0;0.2080851063829787;0.0;0.019559999999999998;0.0;90.6;0.0;198.0;0.0
2022;event_2022_011;120.0;73842;73856;73812;75049;C:\Git\PFE\CSR_Lyon\02_Data\all_events1\2022\event_2022_011.csv;9.23;5.125957446808511;4.553297872340425;0.48184;0.42801;1597.4;713.9;2476.0;0.1103383975526759
2022;event_2022_012;120.0;79681;79723;79651;79753;C:\Git\PFE\CSR_Lyon\02_Data\all_events1\2022\event_2022_012.csv;1.25;0.23801418439716313;0.0;0.022373333333333335;0.0;110.0;0.0;206.0;0.0
2022;event_2022_013;120.0;80223;80303;80193;80333;C:\Git\PFE\CSR_Lyon\02_Data\all_events1\2022\event_2022_013.csv;1.25;0.2502127659574468;0.0;0.02352;0.0;22.8;0.0;282.0;0.0
2022;event_2022_014;120.0;80834;80879;80804;80909;C:\Git\PFE\CSR_Lyon\02_Data\all_events1\2022\event_2022_014.csv;0.5;0.08191489361702127;0.0;0.007699999999999999;0.0;14.4;0.0;212.0;0.0
2022;event_2022_015;120.0;82984;83004;82954;84369;C:\Git\PFE\CSR_Lyon\02_Data\all_events1\2022\event_2022_015.csv;4.5;2.6781560283687944;0.8214893617021275;0.2517466666666667;0.07721999999999998;1288.8;22.2;2832.0;0.01740443562928236
2022;event_2022_016;120.0;85283;85327;85253;85357;C:\Git\PFE\CSR_Lyon\02_Data\all_events1\2022\event_2022_016.csv;0.75;0.06595744680851065;0.0;0.006200000000000001;0.0;19.8;0.0;210.0;0.0
2022;event_2022_017;120.0;85470;85493;85440;88957;C:\Git\PFE\CSR_Lyon\02_Data\all_events1\2022\event_2022_017.csv;17.25;9.589734042553191;10.168686170212766;0.901435;0.9558565;1012.0;222.7;7036.0;0.08671420838726066
2022;event_2022_018;120.0;95156;95245;95126;96341;C:\Git\PFE\CSR_Lyon\02_Data\all_events1\2022\event_2022_018.csv;35.0;20.786205673758865;18.57531914893617;1.9539033333333333;1.74608;1738.2;305.0;2432.0;0.45827267637178054
2022;event_2022_019;120.0;96764;96844;96734;96874;C:\Git\PFE\CSR_Lyon\02_Data\all_events1\2022\event_2022_019.csv;10.5;8.795833333333334;0.0;0.8268083333333334;0.0;1292.0;0.0;282.0;0.0
2022;event_2022_020;120.0;97776;97813;97746;99243;C:\Git\PFE\CSR_Lyon\02_Data\all_events1\2022\event_2022_020.csv;23.0;15.278085106382978;14.975354609929079;1.43614;1.4076833333333334;1381.6;905.0;2996.0;0.2999069681561231
2022;event_2022_021;120.0;101292;101585;101262;104596;C:\Git\PFE\CSR_Lyon\02_Data\all_events1\2022\event_2022_021.csv;21.5;9.91613475177305;12.83586879432624;0.9321166666666667;1.2065716666666666;1194.0;245.9;6670.0;0.11546508660563334
2022;event_2022_022;120.0;117279;117293;117249;117323;C:\Git\PFE\CSR_Lyon\02_Data\all_events1\2022\event_2022_022.csv;0.75;0.18783510638297873;0.0;0.017656500000000002;0.0;155.3;0.0;150.0;0.0
2022;event_2022_023;120.0;133408;133551;133378;135002;C:\Git\PFE\CSR_Lyon\02_Data\all_events1\2022\event_2022_023.csv;20.75;8.749875886524823;12.337978723404254;0.8224883333333334;1.1597699999999997;1461.4;298.5;3250.0;0.22777806873977083
2022;event_2022_024;120.0;135551;135571;135521;139069;C:\Git\PFE\CSR_Lyon\02_Data\all_events1\2022\event_2022_024.csv;59.5;27.55932624113476;28.148138297872343;2.590576666666667;2.645925;1012.6;377.6;7098.0;0.23793861621193868
2022;event_2022_025;120.0;145229;145274;145199;145304;C:\Git\PFE\CSR_Lyon\02_Data\all_events1\2022\event_2022_025.csv;2.75;1.7602659574468085;0.0;0.165465;0.0;412.6;0.0;212.0;0.0
2022;event_2022_026;120.0;147450;147477;147420;150174;C:\Git\PFE\CSR_Lyon\02_Data\all_events1\2022\event_2022_026.csv;29.23;13.789060283687945;7.242287234042552;1.296171666666667;0.6807749999999999;1010.2;147.3;5510.0;0.07886338185890256
2022;event_2022_027;120.0;151014;151059;150984;153012;C:\Git\PFE\CSR_Lyon\02_Data\all_events1\2022\event_2022_027.csv;6.75;2.5978014184397162;2.185531914893617;0.24419333333333332;0.20544;431.9;28.8;4058.0;0.03231441963864392
2022;event_2022_028;120.0;156065;156196;156035;158631;C:\Git\PFE\CSR_Lyon\02_Data\all_events1\2022\event_2022_028.csv;13.5;5.697163120567375;5.7272340425531905;0.5355333333333333;0.53836;897.0;51.0;5194.0;0.06615980796172341
2022;event_2022_029;120.0;162636;162780;162606;163507;C:\Git\PFE\CSR_Lyon\02_Data\all_events1\2022\event_2022_029.csv;23.75;13.783510638297871;9.824468085106384;1.29565;0.9235;1710.4;162.8;1804.0;0.32675614473746284
2022;event_2022_030;120.0;163716;163842;163686;163872;C:\Git\PFE\CSR_Lyon\02_Data\all_events1\2022\event_2022_030.csv;4.25;2.810425531914894;0.0;0.26418;0.0;276.3;0.0;374.0;0.0
2022;event_2022_031;120.0;164823;165003;164793;165033;C:\Git\PFE\CSR_Lyon\02_Data\all_events1\2022\event_2022_031.csv;2.25;0.6684042553191489;0.0;0.06283;0.0;168.8;0.0;482.0;0.0
2022;event_2022_032;120.0;165583;165703;165553;165733;C:\Git\PFE\CSR_Lyon\02_Data\all_events1\2022\event_2022_032.csv;3.5;2.113404255319149;0.0;0.19866000000000003;0.0;358.3;0.0;362.0;0.0
2022;event_2022_033;120.0;165752;165825;165722;165855;C:\Git\PFE\CSR_Lyon\02_Data\all_events1\2022\event_2022_033.csv;1.0;0.3494326241134752;0.00042553191489361696;0.03284666666666667;3.9999999999999996e-05;115.1;1.2;268.0;9.526833915528737e-05
2022;event_2022_034;120.0;166013;166154;165983;166184;C:\Git\PFE\CSR_Lyon\02_Data\all_events1\2022\event_2022_034.csv;3.75;2.506613475177305;0.0;0.23562166666666665;0.0;497.7;0.0;404.0;0.0
2022;event_2022_035;120.0;166253;166413;166223;166443;C:\Git\PFE\CSR_Lyon\02_Data\all_events1\2022\event_2022_035.csv;8.25;6.307304964539005;1.0854255319148938;0.5928866666666666;0.10203000000000001;1401.0;100.8;442.0;0.14734283238663717
2022;event_2022_036;120.0;166565;166709;166535;166739;C:\Git\PFE\CSR_Lyon\02_Data\all_events1\2022\event_2022_036.csv;1.0;0.40911347517730495;0.0;0.03845666666666667;0.0;287.5;0.0;410.0;0.0
2022;event_2022_037;120.0;168035;168238;168005;168268;C:\Git\PFE\CSR_Lyon\02_Data\all_events1\2022\event_2022_037.csv;3.5;1.9752659574468086;0.0;0.185675;0.0;283.7;0.0;528.0;0.0
2022;event_2022_038;120.0;173035;173079;173005;173200;C:\Git\PFE\CSR_Lyon\02_Data\all_events1\2022\event_2022_038.csv;10.25;6.83921985815603;2.580106382978723;0.6428866666666667;0.24252999999999997;1609.0;129.3;392.0;0.3949142422926617
2022;event_2022_039;120.0;176996;177062;176966;177092;C:\Git\PFE\CSR_Lyon\02_Data\all_events1\2022\event_2022_039.csv;3.75;2.453421985815603;0.0;0.23062166666666667;0.0;556.5;0.0;254.0;0.0
2022;event_2022_040;120.0;181641;181741;181611;181771;C:\Git\PFE\CSR_Lyon\02_Data\all_events1\2022\event_2022_040.csv;3.0;1.5613120567375884;0.0;0.14676333333333333;0.0;383.5;0.0;322.0;0.0
2022;event_2022_041;120.0;182177;182298;182147;182328;C:\Git\PFE\CSR_Lyon\02_Data\all_events1\2022\event_2022_041.csv;2.25;0.7424113475177303;0.0;0.06978666666666665;0.0;141.6;0.0;364.0;0.0
2022;event_2022_042;120.0;182785;182828;182755;182858;C:\Git\PFE\CSR_Lyon\02_Data\all_events1\2022\event_2022_042.csv;2.75;1.686258865248227;0.0;0.15850833333333336;0.0;855.0;0.0;208.0;0.0
2022;event_2022_043;120.0;184603;184630;184573;184660;C:\Git\PFE\CSR_Lyon\02_Data\all_events1\2022\event_2022_043.csv;1.0;0.29255319148936165;0.0;0.027499999999999997;0.0;194.7;0.0;176.0;0.0
2022;event_2022_044;120.0;190120;190242;190090;190331;C:\Git\PFE\CSR_Lyon\02_Data\all_events1\2022\event_2022_044.csv;10.25;5.2093617021276595;2.269751773049645;0.48968;0.21335666666666664;542.5;163.4;484.0;0.2813741867416915
2022;event_2022_045;120.0;192133;192169;192103;195005;C:\Git\PFE\CSR_Lyon\02_Data\all_events1\2022\event_2022_045.csv;12.25;4.552801418439715;6.7944680851063834;0.42796333333333325;0.63868;859.6;58.8;5806.0;0.07021496471002119
2022;event_2022_046;120.0;195903;196130;195873;198604;C:\Git\PFE\CSR_Lyon\02_Data\all_events1\2022\event_2022_046.csv;33.49;16.218758865248226;20.638581560283686;1.5245633333333333;1.9400266666666663;1687.1;905.0;5464.0;0.22663156910999657
2022;event_2022_047;120.0;199991;200062;199961;212406;C:\Git\PFE\CSR_Lyon\02_Data\all_events1\2022\event_2022_047.csv;40.25;14.37595744680851;21.82106382978723;1.35134;2.05118;617.5;59.4;24892.0;0.05259777558200361
2022;event_2022_048;120.0;213040;213173;213010;216521;C:\Git\PFE\CSR_Lyon\02_Data\all_events1\2022\event_2022_048.csv;18.5;6.773209219858157;11.019361702127659;0.6366816666666667;1.03582;568.1;82.8;7024.0;0.09412894392478068
2022;event_2022_049;120.0;217415;217724;217385;219870;C:\Git\PFE\CSR_Lyon\02_Data\all_events1\2022\event_2022_049.csv;12.5;5.146205673758866;7.783617021276595;0.4837433333333334;0.73166;306.0;75.6;4972.0;0.09392940894541346
2022;event_2022_050;120.0;226766;226806;226736;226836;C:\Git\PFE\CSR_Lyon\02_Data\all_events1\2022\event_2022_050.csv;0.5;0.044468085106382976;0.0;0.00418;0.0;9.6;0.0;202.0;0.0
2022;event_2022_051;120.0;227308;227440;227278;230640;C:\Git\PFE\CSR_Lyon\02_Data\all_events1\2022\event_2022_051.csv;10.0;3.311418439716312;6.306595744680852;0.3112733333333333;0.59282;259.3;40.8;6726.0;0.05625865963140814
2022;event_2022_052;120.0;232380;232554;232350;236638;C:\Git\PFE\CSR_Lyon\02_Data\all_events1\2022\event_2022_052.csv;18.464;7.111826241134752;9.822340425531914;0.6685116666666666;0.9233;349.9;55.8;8578.0;0.06870371013428711
2023;event_2023_001;120.0;241551;241618;241521;241648;C:\Git\PFE\CSR_Lyon\02_Data\all_events1\2023\event_2023_001.csv;1.245;0.17446808510638295;0.0;0.016399999999999998;0.0;34.2;0.0;256.0;0.0
2023;event_2023_002;120.0;242757;242810;242727;242840;C:\Git\PFE\CSR_Lyon\02_Data\all_events1\2023\event_2023_002.csv;0.996;0.06765957446808511;0.0;0.006360000000000001;0.0;12.0;0.0;228.0;0.0
2023;event_2023_003;120.0;243985;244061;243955;250547;C:\Git\PFE\CSR_Lyon\02_Data\all_events1\2023\event_2023_003.csv;18.177;7.749858156028368;10.389787234042553;0.7284866666666666;0.9766399999999998;330.9;77.4;13186.0;0.04727644729581019
2023;event_2023_004;120.0;259777;259810;259747;259840;C:\Git\PFE\CSR_Lyon\02_Data\all_events1\2023\event_2023_004.csv;0.996;0.04723404255319148;0.0;0.0044399999999999995;0.0;20.4;0.0;188.0;0.0
2023;event_2023_005;120.0;272007;272036;271977;272066;C:\Git\PFE\CSR_Lyon\02_Data\all_events1\2023\event_2023_005.csv;0.996;0.2351063829787234;0.0;0.0221;0.0;51.6;0.0;180.0;0.0
2023;event_2023_006;120.0;281707;281764;281677;281794;C:\Git\PFE\CSR_Lyon\02_Data\all_events1\2023\event_2023_006.csv;2.241;0.4857446808510638;0.0;0.04566;0.0;50.4;0.0;236.0;0.0
2023;event_2023_007;120.0;289940;289988;289910;292335;C:\Git\PFE\CSR_Lyon\02_Data\all_events1\2023\event_2023_007.csv;12.958;7.192730496453901;8.528865248226948;0.6761166666666667;0.8017133333333332;1755.4;458.2;4852.0;0.10546824297065475
2023;event_2023_008;120.0;293497;293548;293467;295515;C:\Git\PFE\CSR_Lyon\02_Data\all_events1\2023\event_2023_008.csv;15.938;7.877234042553192;7.197553191489363;0.74046;0.6765700000000001;657.8;196.6;4098.0;0.10538145229120591
2023;event_2023_009;120.0;307128;307132;307098;307162;C:\Git\PFE\CSR_Lyon\02_Data\all_events1\2023\event_2023_009.csv;0.498;0.018936170212765956;0.0;0.00178;0.0;27.0;0.0;130.0;0.0
2023;event_2023_010;120.0;308993;309072;308963;309102;C:\Git\PFE\CSR_Lyon\02_Data\all_events1\2023\event_2023_010.csv;1.743;0.32872340425531915;0.0;0.030900000000000004;0.0;33.6;0.0;280.0;0.0
2023;event_2023_011;120.0;312810;312842;312780;312995;C:\Git\PFE\CSR_Lyon\02_Data\all_events1\2023\event_2023_011.csv;1.992;0.38510638297872335;0.05404255319148935;0.036199999999999996;0.0050799999999999994;132.3;2.4;432.0;0.007505910165484632
2023;event_2023_012;120.0;314549;314686;314519;317411;C:\Git\PFE\CSR_Lyon\02_Data\all_events1\2023\event_2023_012.csv;9.714;3.28645390070922;4.764574468085106;0.3089266666666667;0.44787;1369.6;153.4;5786.0;0.04940796199189534
2023;event_2023_013;120.0;318950;318988;318920;321484;C:\Git\PFE\CSR_Lyon\02_Data\all_events1\2023\event_2023_013.csv;19.932000000000002;7.875319148936171;12.750070921985818;0.74028;1.1985066666666668;1079.8;450.7;5130.0;0.149123636514454
2023;event_2023_014;120.0;325043;325149;325013;325179;C:\Git\PFE\CSR_Lyon\02_Data\all_events1\2023\event_2023_014.csv;2.988;0.04893617021276595;0.0;0.0046;0.0;12.6;0.0;334.0;0.0
2023;event_2023_015;120.0;326584;326698;326554;332674;C:\Git\PFE\CSR_Lyon\02_Data\all_events1\2023\event_2023_015.csv;33.134;14.261737588652487;17.765212765957447;1.3406033333333336;1.6699300000000001;1211.4;323.1;12242.0;0.0870701491551582
2023;event_2023_016;120.0;344070;344087;344040;344117;C:\Git\PFE\CSR_Lyon\02_Data\all_events1\2023\event_2023_016.csv;0.996;0.1404255319148936;0.0;0.0132;0.0;103.8;0.0;156.0;0.0
2023;event_2023_017;120.0;344123;344161;344093;348095;C:\Git\PFE\CSR_Lyon\02_Data\all_events1\2023\event_2023_017.csv;13.453999999999999;4.852304964539007;5.046063829787234;0.45611666666666667;0.47433;956.0;514.6;8006.0;0.03781711588648939
2023;event_2023_018;120.0;349054;349156;349024;354565;C:\Git\PFE\CSR_Lyon\02_Data\all_events1\2023\event_2023_018.csv;18.938000000000002;10.32081560283688;9.765921985815602;0.9701566666666668;0.9179966666666667;1661.8;578.1;11084.0;0.05286496924837028
2023;event_2023_019;120.0;443328;443431;443298;443461;C:\Git\PFE\CSR_Lyon\02_Data\all_events1\2023\event_2023_019.csv;2.241;1.0656028368794326;0.0;0.10016666666666665;0.0;120.6;0.0;328.0;0.0
2023;event_2023_020;120.0;443683;443908;443653;446500;C:\Git\PFE\CSR_Lyon\02_Data\all_events1\2023\event_2023_020.csv;77.49000000000001;93.0000709219858;25.984574468085103;8.742006666666665;2.4425499999999998;1922.8;175.8;5696.0;0.2737139164475257
2023;event_2023_021;120.0;446582;446625;446552;446655;C:\Git\PFE\CSR_Lyon\02_Data\all_events1\2023\event_2023_021.csv;0.996;0.1497872340425532;0.0;0.01408;0.0;45.0;0.0;208.0;0.0
2023;event_2023_022;120.0;446953;447091;446923;458130;C:\Git\PFE\CSR_Lyon\02_Data\all_events1\2023\event_2023_022.csv;99.899;73.78978723404256;48.209858156028375;6.936240000000001;4.531726666666668;1906.0;127.0;22416.0;0.1290413762206327
2023;event_2023_023;120.0;458781;458828;458751;464721;C:\Git\PFE\CSR_Lyon\02_Data\all_events1\2023\event_2023_023.csv;27.889;8.64436170212766;16.927021276595745;0.81257;1.59114;435.9;66.6;11942.0;0.08504616283668939
2023;event_2023_024;120.0;467226;467242;467196;469301;C:\Git\PFE\CSR_Lyon\02_Data\all_events1\2023\event_2023_024.csv;7.222000000000001;1.4867730496453904;3.474255319148936;0.1397566666666667;0.32658;256.1;49.2;4212.0;0.049490816512093104
2023;event_2023_025;120.0;470101;470110;470071;470381;C:\Git\PFE\CSR_Lyon\02_Data\all_events1\2023\event_2023_025.csv;0.747;0.12024822695035459;0.03148936170212766;0.011303333333333332;0.00296;139.4;1.2;622.0;0.0030375590066361088
2023;event_2023_026;120.0;472109;472229;472079;477178;C:\Git\PFE\CSR_Lyon\02_Data\all_events1\2023\event_2023_026.csv;51.294;17.989148936170213;31.358439716312056;1.69098;2.947693333333333;379.0;179.6;10200.0;0.18446141009595327
2023;event_2023_027;120.0;479577;479784;479547;486432;C:\Git\PFE\CSR_Lyon\02_Data\all_events1\2023\event_2023_027.csv;39.094;13.309326241134752;26.126914893617023;1.2510766666666666;2.4559300000000004;483.1;118.3;13772.0;0.11382623392513952
2023;event_2023_028;120.0;496441;496476;496411;496888;C:\Git\PFE\CSR_Lyon\02_Data\all_events1\2023\event_2023_028.csv;2.739;1.0303191489361703;0.5810638297872341;0.09685;0.05462;221.7;33.0;956.0;0.03646844120003561
2024;event_2024_001;120.0;497624;497825;497594;498523;C:\Git\PFE\CSR_Lyon\02_Data\all_events1\2024\event_2024_001.csv;11.205;3.5062765957446813;6.764680851063831;0.32959000000000005;0.6358800000000001;154.9;91.8;1860.0;0.21821551132463973
2024;event_2024_002;120.0;507088;507292;507058;511572;C:\Git\PFE\CSR_Lyon\02_Data\all_events1\2024\event_2024_002.csv;26.644000000000002;7.178333333333333;18.289290780141844;0.6747633333333333;1.7191933333333334;572.0;172.5;9030.0;0.12152352677835111
2024;event_2024_003;120.0;512350;512385;512320;512415;C:\Git\PFE\CSR_Lyon\02_Data\all_events1\2024\event_2024_003.csv;1.494;0.1623758865248227;0.0;0.015263333333333334;0.0;125.9;0.0;192.0;0.0
2024;event_2024_004;120.0;524097;524252;524067;524282;C:\Git\PFE\CSR_Lyon\02_Data\all_events1\2024\event_2024_004.csv;2.988;0.7527659574468085;0.0;0.07076;0.0;55.8;0.0;432.0;0.0
2024;event_2024_005;120.0;532112;532161;532082;532191;C:\Git\PFE\CSR_Lyon\02_Data\all_events1\2024\event_2024_005.csv;0.747;0.04382978723404255;0.0;0.00412;0.0;12.0;0.0;220.0;0.0
2024;event_2024_006;120.0;532327;532420;532297;532450;C:\Git\PFE\CSR_Lyon\02_Data\all_events1\2024\event_2024_006.csv;0.747;0.5706382978723404;0.0;0.05364;0.0;627.4;0.0;308.0;0.0
2024;event_2024_007;120.0;534200;534531;534170;537018;C:\Git\PFE\CSR_Lyon\02_Data\all_events1\2024\event_2024_007.csv;17.685;5.914255319148935;10.715851063829787;0.5559399999999999;1.00729;1209.2;187.8;5698.0;0.1128380245401522
2024;event_2024_008;120.0;537038;537178;537008;539233;C:\Git\PFE\CSR_Lyon\02_Data\all_events1\2024\event_2024_008.csv;3.2370000000000005;1.0973758865248227;1.5442553191489365;0.10315333333333332;0.14516;243.6;9.0;4452.0;0.020812066295807768
2024;event_2024_009;120.0;541672;542066;541642;543970;C:\Git\PFE\CSR_Lyon\02_Data\all_events1\2024\event_2024_009.csv;33.864000000000004;8.098226950354611;23.37241134751773;0.7612333333333334;2.1970066666666668;357.9;249.2;4658.0;0.3010615459104903
2024;event_2024_010;120.0;546484;546754;546454;550511;C:\Git\PFE\CSR_Lyon\02_Data\all_events1\2024\event_2024_010.csv;26.14700000000001;7.361914893617021;17.24769503546099;0.69202;1.6212833333333332;618.4;343.6;8116.0;0.127508834663339
2024;event_2024_011;120.0;552483;552488;552453;552518;C:\Git\PFE\CSR_Lyon\02_Data\all_events1\2024\event_2024_011.csv;0.747;0.1276241134751773;0.0;0.011996666666666666;0.0;359.9;0.0;132.0;0.0
2024;event_2024_012;120.0;556894;556919;556864;556949;C:\Git\PFE\CSR_Lyon\02_Data\all_events1\2024\event_2024_012.csv;0.997;0.13617021276595745;0.0;0.012799999999999999;0.0;57.6;0.0;172.0;0.0
2024;event_2024_013;120.0;557967;558065;557937;558095;C:\Git\PFE\CSR_Lyon\02_Data\all_events1\2024\event_2024_013.csv;2.49;0.7894680851063829;0.0;0.07421;0.0;184.5;0.0;318.0;0.0
2024;event_2024_014;120.0;558311;558395;558281;567153;C:\Git\PFE\CSR_Lyon\02_Data\all_events1\2024\event_2024_014.csv;95.89000000000001;26.259893617021273;74.40826241134751;2.4684299999999997;6.994376666666666;945.8;918.0;17746.0;0.25157758056355517
2024;event_2024_015;120.0;568172;568402;568142;571303;C:\Git\PFE\CSR_Lyon\02_Data\all_events1\2024\event_2024_015.csv;26.146;7.608085106382978;17.49007092198582;0.71516;1.6440666666666668;572.6;531.2;6324.0;0.16593995182149732
2024;event_2024_016;120.0;574335;574360;574305;574390;C:\Git\PFE\CSR_Lyon\02_Data\all_events1\2024\event_2024_016.csv;1.494;0.2743971631205674;0.0;0.025793333333333335;0.0;240.3;0.0;172.0;0.0
2024;event_2024_017;120.0;574521;574605;574491;577936;C:\Git\PFE\CSR_Lyon\02_Data\all_events1\2024\event_2024_017.csv;10.707;4.198404255319149;4.7218439716312055;0.39465;0.4438533333333334;574.3;157.1;6892.0;0.04110717328756128
2024;event_2024_018;120.0;593047;593066;593017;593096;C:\Git\PFE\CSR_Lyon\02_Data\all_events1\2024\event_2024_018.csv;0.747;0.02085106382978724;0.0;0.0019600000000000004;0.0;13.2;0.0;160.0;0.0
2024;event_2024_019;120.0;593619;593714;593589;600810;C:\Git\PFE\CSR_Lyon\02_Data\all_events1\2024\event_2024_019.csv;49.063;13.915673758865248;31.595567375886528;1.3080733333333332;2.9699833333333334;1539.1;1663.0;14444.0;0.1312471643972024
2024;event_2024_020;120.0;604748;604773;604718;604803;C:\Git\PFE\CSR_Lyon\02_Data\all_events1\2024\event_2024_020.csv;0.747;0.017872340425531916;0.0;0.00168;0.0;10.2;0.0;172.0;0.0
2024;event_2024_021;120.0;604898;604993;604868;607270;C:\Git\PFE\CSR_Lyon\02_Data\all_events1\2024\event_2024_021.csv;12.706000000000001;4.596560283687944;6.878404255319149;0.43207666666666666;0.64657;1539.0;1313.0;4806.0;0.08587271230111296
2024;event_2024_022;120.0;607357;607389;607327;607419;C:\Git\PFE\CSR_Lyon\02_Data\all_events1\2024\event_2024_022.csv;0.747;0.10680851063829788;0.0;0.01004;0.0;34.8;0.0;186.0;0.0
2024;event_2024_023;120.0;611092;611115;611062;611145;C:\Git\PFE\CSR_Lyon\02_Data\all_events1\2024\event_2024_023.csv;1.495;0.2012765957446808;0.0;0.018919999999999996;0.0;74.4;0.0;168.0;0.0
2024;event_2024_024;120.0;615711;615822;615681;618920;C:\Git\PFE\CSR_Lyon\02_Data\all_events1\2024\event_2024_024.csv;28.16;7.215815602836879;19.240673758865245;0.6782866666666666;1.8086233333333332;789.0;1553.0;6480.0;0.17815438665615968
2024;event_2024_025;120.0;620401;620505;620371;624800;C:\Git\PFE\CSR_Lyon\02_Data\all_events1\2024\event_2024_025.csv;45.854;11.869964539007093;33.40482269503546;1.1157766666666666;3.1400533333333334;1409.0;1848.0;8860.0;0.22621776091446136
2024;event_2024_026;120.0;625438;625445;625408;629189;C:\Git\PFE\CSR_Lyon\02_Data\all_events1\2024\event_2024_026.csv;6.23;2.4120567375886526;1.6612765957446805;0.22673333333333334;0.15615999999999997;1069.0;4.8;7564.0;0.013177762525737814
2024;event_2024_027;120.0;631960;631997;631930;634690;C:\Git\PFE\CSR_Lyon\02_Data\all_events1\2024\event_2024_027.csv;3.7380000000000004;1.689539007092199;1.0127659574468086;0.1588166666666667;0.0952;977.0;2.4;5522.0;0.011004338545238777
2024;event_2024_028;120.0;635592;635600;635562;638698;C:\Git\PFE\CSR_Lyon\02_Data\all_events1\2024\event_2024_028.csv;30.154;12.061276595744681;20.192517730496455;1.1337599999999999;1.8980966666666668;1991.0;1579.0;6274.0;0.19310664071243025
2024;event_2024_029;120.0;642337;642405;642307;642435;C:\Git\PFE\CSR_Lyon\02_Data\all_events1\2024\event_2024_029.csv;2.49;0.3614539007092198;0.0;0.03397666666666666;0.0;180.2;0.0;258.0;0.0
2024;event_2024_030;120.0;642460;642520;642430;644748;C:\Git\PFE\CSR_Lyon\02_Data\all_events1\2024\event_2024_030.csv;4.482;1.352304964539007;2.952553191489362;0.12711666666666666;0.27754;287.0;62.4;4638.0;0.03819603093776665
2024;event_2024_031;120.0;651423;651430;651393;651460;C:\Git\PFE\CSR_Lyon\02_Data\all_events1\2024\event_2024_031.csv;1.246;0.4372695035460993;0.0;0.04110333333333333;0.0;448.9;0.0;136.0;0.0
2024;event_2024_032;120.0;659469;659482;659439;662109;C:\Git\PFE\CSR_Lyon\02_Data\all_events1\2024\event_2024_032.csv;15.453;8.895390070921986;8.71886524822695;0.8361666666666666;0.8195733333333333;2019.2;637.6;5342.0;0.0979281008786254
2024;event_2024_033;120.0;662188;662258;662158;664915;C:\Git\PFE\CSR_Lyon\02_Data\all_events1\2024\event_2024_033.csv;14.450000000000003;6.291773049645389;8.438794326241135;0.5914266666666667;0.7932466666666667;1735.2;776.7;5516.0;0.09179254161973678
2024;event_2024_034;120.0;667447;667529;667417;669274;C:\Git\PFE\CSR_Lyon\02_Data\all_events1\2024\event_2024_034.csv;14.706000000000001;6.541560283687944;10.062482269503544;0.6149066666666667;0.9458733333333331;1719.0;1563.0;3716.0;0.1624728030597989
2024;event_2024_035;120.0;674582;674609;674552;674639;C:\Git\PFE\CSR_Lyon\02_Data\all_events1\2024\event_2024_035.csv;1.246;0.524822695035461;0.0;0.04933333333333333;0.0;373.6;0.0;176.0;0.0
2024;event_2024_036;120.0;674690;674698;674660;682690;C:\Git\PFE\CSR_Lyon\02_Data\all_events1\2024\event_2024_036.csv;51.579;22.19209219858156;33.998333333333335;2.0860566666666664;3.1958433333333334;1954.8;1643.0;16062.0;0.1270016187274312
2024;event_2024_037;120.0;687929;688060;687899;690077;C:\Git\PFE\CSR_Lyon\02_Data\all_events1\2024\event_2024_037.csv;14.948000000000002;6.258510638297872;10.992163120567376;0.5882999999999999;1.0332633333333334;1130.0;1442.0;4358.0;0.15133772079716443
2024;event_2024_038;120.0;694412;694518;694382;696714;C:\Git\PFE\CSR_Lyon\02_Data\all_events1\2024\event_2024_038.csv;10.709;3.8098581560283695;7.456773049645389;0.3581266666666667;0.7009366666666667;517.4;432.9;4666.0;0.09588649442321547
2024;event_2024_039;120.0;698339;698363;698309;698393;C:\Git\PFE\CSR_Lyon\02_Data\all_events1\2024\event_2024_039.csv;1.992;0.4803900709219858;0.0;0.045156666666666664;0.0;212.4;0.0;170.0;0.0
2024;event_2024_040;120.0;711225;711251;711195;711281;C:\Git\PFE\CSR_Lyon\02_Data\all_events1\2024\event_2024_040.csv;0.996;0.007021276595744681;0.0;0.00066;0.0;4.8;0.0;174.0;0.0
2024;event_2024_041;120.0;715219;715236;715189;715266;C:\Git\PFE\CSR_Lyon\02_Data\all_events1\2024\event_2024_041.csv;0.249;0.332163120567376;0.0;0.031223333333333343;0.0;572.1;0.0;156.0;0.0
2024;event_2024_042;120.0;729493;729569;729463;729599;C:\Git\PFE\CSR_Lyon\02_Data\all_events1\2024\event_2024_042.csv;1.494;0.013191489361702126;0.0;0.0012399999999999998;0.0;3.0;0.0;274.0;0.0
2024;event_2024_043;120.0;730107;730176;730077;733874;C:\Git\PFE\CSR_Lyon\02_Data\all_events1\2024\event_2024_043.csv;10.709999999999999;3.609219858156029;6.940070921985817;0.3392666666666667;0.6523666666666668;602.2;277.1;7596.0;0.054818885639698396
2024;event_2024_044;120.0;734326;734452;734296;736930;C:\Git\PFE\CSR_Lyon\02_Data\all_events1\2024\event_2024_044.csv;15.190999999999999;4.235212765957447;9.432375886524822;0.39811;0.8866433333333333;528.7;237.8;5270.0;0.10738947878396382
2024;event_2024_045;120.0;739188;739337;739158;741454;C:\Git\PFE\CSR_Lyon\02_Data\all_events1\2024\event_2024_045.csv;5.2299999999999995;1.4937234042553191;2.8304255319148934;0.14041;0.26606;334.9;33.6;4594.0;0.03696681147472652
2024;event_2024_046;120.0;741771;741884;741741;745798;C:\Git\PFE\CSR_Lyon\02_Data\all_events1\2024\event_2024_046.csv;20.423;6.242127659574469;14.614432624113475;0.5867600000000001;1.3737566666666667;1778.4;497.3;8116.0;0.10804164088797541
2024;event_2024_047;120.0;747115;747184;747085;747214;C:\Git\PFE\CSR_Lyon\02_Data\all_events1\2024\event_2024_047.csv;1.245;0.05851063829787234;0.00042553191489361696;0.0055;3.9999999999999996e-05;19.8;1.2;260.0;9.819967266775776e-05
2024;event_2024_048;120.0;747227;747351;747197;750020;C:\Git\PFE\CSR_Lyon\02_Data\all_events1\2024\event_2024_048.csv;11.952;3.554007092198582;8.471099290780142;0.3340766666666667;0.7962833333333333;386.5;286.7;5648.0;0.08999043155927912
2024;event_2024_049;120.0;751158;751207;751128;751237;C:\Git\PFE\CSR_Lyon\02_Data\all_events1\2024\event_2024_049.csv;1.992;0.3328014184397162;0.0;0.03128333333333332;0.0;103.9;0.0;220.0;0.0
