dateP;dateQ;P_mm;Q_ls
2021-06-23 23:54:00;2021-06-23 23:54:00;2.5;12.9341813473661
2021-06-23 23:59:00;2021-06-23 23:59:00;0.0;
2021-06-24 00:04:00;2021-06-24 00:04:00;0.0;12.9341813473661
2021-06-24 00:09:00;2021-06-24 00:09:00;0.0;14.4725373177452
2021-06-24 00:14:00;2021-06-24 00:14:00;0.0;15.0113916556313
2021-06-24 00:19:00;2021-06-24 00:19:00;0.0;14.6506879909098
2021-06-24 00:24:00;2021-06-24 00:24:00;0.0;
2021-06-24 00:29:00;2021-06-24 00:29:00;0.0;14.2958464196908
2021-06-24 00:34:00;2021-06-24 00:34:00;0.0;
2021-06-24 00:39:00;2021-06-24 00:39:00;0.0;14.6506879909098
2021-06-24 00:44:00;2021-06-24 00:44:00;0.0;15.7505692100757
2021-06-24 00:49:00;2021-06-24 00:49:00;0.0;16.7248761805267
2021-06-24 00:54:00;2021-06-24 00:54:00;0.0;18.3348597224001
2021-06-24 00:59:00;2021-06-24 00:59:00;0.0;20.084079949925
2021-06-24 01:04:00;2021-06-24 01:04:00;0.0;21.7559895870357
2021-06-24 01:09:00;2021-06-24 01:09:00;0.0;22.4113861961768
2021-06-24 01:14:00;2021-06-24 01:14:00;0.0;22.8569383482985
2021-06-24 01:19:00;2021-06-24 01:19:00;0.0;24.0010080619214
2021-06-24 01:24:00;2021-06-24 01:24:00;0.0;
2021-06-24 01:29:00;2021-06-24 01:29:00;0.0;
2021-06-24 01:34:00;2021-06-24 01:34:00;0.0;
2021-06-24 01:39:00;2021-06-24 01:39:00;0.0;
2021-06-24 01:44:00;2021-06-24 01:44:00;0.0;
2021-06-24 01:49:00;2021-06-24 01:49:00;0.0;23.0823015481676
2021-06-24 01:54:00;2021-06-24 01:54:00;0.0;
2021-06-24 01:59:00;2021-06-24 01:59:00;0.0;
2021-06-24 02:04:00;2021-06-24 02:04:00;0.0;22.8569383482985
2021-06-24 02:09:00;2021-06-24 02:09:00;0.0;22.1911967105909
2021-06-24 02:14:00;2021-06-24 02:14:00;0.0;21.1161045207443
2021-06-24 02:19:00;2021-06-24 02:19:00;0.0;
2021-06-24 02:24:00;2021-06-24 02:24:00;0.0;
2021-06-24 02:29:00;2021-06-24 02:29:00;0.0;20.6981284447999
2021-06-24 02:34:00;2021-06-24 02:34:00;0.0;
2021-06-24 02:39:00;2021-06-24 02:39:00;0.0;20.2870410545667
2021-06-24 02:44:00;2021-06-24 02:44:00;0.0;
2021-06-24 02:49:00;2021-06-24 02:49:00;0.0;
2021-06-24 02:54:00;2021-06-24 02:54:00;0.0;
2021-06-24 02:59:00;2021-06-24 02:59:00;0.0;21.1161045207443
2021-06-24 03:04:00;2021-06-24 03:04:00;0.0;20.9062552637249
2021-06-24 03:09:00;2021-06-24 03:09:00;0.0;
2021-06-24 03:14:00;2021-06-24 03:14:00;0.0;21.540971415733
2021-06-24 03:19:00;2021-06-24 03:19:00;0.0;21.1161045207443
2021-06-24 03:24:00;2021-06-24 03:24:00;0.0;
2021-06-24 03:29:00;2021-06-24 03:29:00;0.0;21.540971415733
2021-06-24 03:34:00;2021-06-24 03:34:00;0.0;
2021-06-24 03:39:00;2021-06-24 03:39:00;0.0;21.1161045207443
2021-06-24 03:44:00;2021-06-24 03:44:00;0.0;20.6981284447999
2021-06-24 03:49:00;2021-06-24 03:49:00;0.0;
2021-06-24 03:54:00;2021-06-24 03:54:00;0.0;20.084079949925
2021-06-24 03:59:00;2021-06-24 03:59:00;0.0;19.6833215882583
2021-06-24 04:04:00;2021-06-24 04:04:00;0.0;19.6833215882583
2021-06-24 04:09:00;2021-06-24 04:09:00;0.0;
2021-06-24 04:14:00;2021-06-24 04:14:00;0.0;19.0950896648
2021-06-24 04:19:00;2021-06-24 04:19:00;0.0;
2021-06-24 04:24:00;2021-06-24 04:24:00;0.0;18.5223380841917
2021-06-24 04:29:00;2021-06-24 04:29:00;0.0;
2021-06-24 04:34:00;2021-06-24 04:34:00;0.0;
2021-06-24 04:39:00;2021-06-24 04:39:00;0.0;18.1491003320363
2021-06-24 04:44:00;2021-06-24 04:44:00;0.0;
2021-06-24 04:49:00;2021-06-24 04:49:00;0.0;
2021-06-24 04:54:00;2021-06-24 04:54:00;0.0;17.4232471515257
2021-06-24 04:59:00;2021-06-24 04:59:00;0.0;
2021-06-24 05:04:00;2021-06-24 05:04:00;0.0;17.2460786183009
2021-06-24 05:09:00;2021-06-24 05:09:00;0.0;
2021-06-24 05:14:00;2021-06-24 05:14:00;0.0;16.8968933994681
2021-06-24 05:19:00;2021-06-24 05:19:00;0.0;
2021-06-24 05:24:00;2021-06-24 05:24:00;0.0;
2021-06-24 05:29:00;2021-06-24 05:29:00;0.0;
2021-06-24 05:34:00;2021-06-24 05:34:00;0.0;16.3859911902608
2021-06-24 05:39:00;2021-06-24 05:39:00;0.0;
2021-06-24 05:44:00;2021-06-24 05:44:00;0.0;
2021-06-24 05:49:00;2021-06-24 05:49:00;0.0;16.7248761805267
2021-06-24 05:54:00;2021-06-24 05:54:00;0.0;16.0539703523729
2021-06-24 05:59:00;2021-06-24 05:59:00;0.0;
2021-06-24 06:04:00;2021-06-24 06:04:00;0.0;15.890533323904
2021-06-24 06:09:00;2021-06-24 06:09:00;0.0;
2021-06-24 06:14:00;2021-06-24 06:14:00;0.0;16.219122885603
2021-06-24 06:19:00;2021-06-24 06:19:00;0.0;15.890533323904
2021-06-24 06:24:00;2021-06-24 06:24:00;0.0;
2021-06-24 06:29:00;2021-06-24 06:29:00;0.0;
2021-06-24 06:34:00;2021-06-24 06:34:00;0.0;
2021-06-24 06:39:00;2021-06-24 06:39:00;0.0;15.5635391726758
2021-06-24 06:44:00;2021-06-24 06:44:00;0.0;
2021-06-24 06:49:00;2021-06-24 06:49:00;0.0;
2021-06-24 06:54:00;2021-06-24 06:54:00;0.0;
2021-06-24 06:59:00;2021-06-24 06:59:00;0.0;15.193956143719
2021-06-24 07:04:00;2021-06-24 07:04:00;0.0;15.3780033999787
2021-06-24 07:09:00;2021-06-24 07:09:00;0.0;14.83030418745
2021-06-24 07:14:00;2021-06-24 07:14:00;0.0;15.193956143719
2021-06-24 07:19:00;2021-06-24 07:19:00;0.0;
2021-06-24 07:24:00;2021-06-24 07:24:00;0.0;
2021-06-24 07:29:00;2021-06-24 07:29:00;0.0;
2021-06-24 07:34:00;2021-06-24 07:34:00;0.0;
2021-06-24 07:39:00;2021-06-24 07:39:00;0.0;
2021-06-24 07:44:00;2021-06-24 07:44:00;0.0;
2021-06-24 07:49:00;2021-06-24 07:49:00;0.0;
2021-06-24 07:54:00;2021-06-24 07:54:00;0.0;
2021-06-24 07:59:00;2021-06-24 07:59:00;0.0;14.2958464196908
2021-06-24 08:04:00;2021-06-24 08:04:00;0.0;14.4725373177452
2021-06-24 08:09:00;2021-06-24 08:09:00;0.0;14.83030418745
2021-06-24 08:14:00;2021-06-24 08:14:00;0.0;
2021-06-24 08:19:00;2021-06-24 08:19:00;0.0;14.2958464196908
2021-06-24 08:24:00;2021-06-24 08:24:00;0.0;14.6506879909098
2021-06-24 08:29:00;2021-06-24 08:29:00;0.0;
2021-06-24 08:34:00;2021-06-24 08:34:00;0.0;14.2958464196908
2021-06-24 08:39:00;2021-06-24 08:39:00;0.0;
2021-06-24 08:44:00;2021-06-24 08:44:00;0.0;
2021-06-24 08:49:00;2021-06-24 08:49:00;0.0;
2021-06-24 08:54:00;2021-06-24 08:54:00;0.0;13.9468209558505
2021-06-24 08:59:00;2021-06-24 08:59:00;0.0;14.2958464196908
2021-06-24 09:04:00;2021-06-24 09:04:00;0.0;13.7744748935337
2021-06-24 09:09:00;2021-06-24 09:09:00;0.0;
2021-06-24 09:14:00;2021-06-24 09:14:00;0.0;14.120609548481
2021-06-24 09:19:00;2021-06-24 09:19:00;0.0;
2021-06-24 09:24:00;2021-06-24 09:24:00;0.0;13.7744748935337
2021-06-24 09:29:00;2021-06-24 09:29:00;0.0;
2021-06-24 09:34:00;2021-06-24 09:34:00;0.0;
2021-06-24 09:39:00;2021-06-24 09:39:00;0.0;
2021-06-24 09:44:00;2021-06-24 09:44:00;0.0;
2021-06-24 09:49:00;2021-06-24 09:49:00;0.0;13.4340873667798
2021-06-24 09:54:00;2021-06-24 09:54:00;0.0;
2021-06-24 09:59:00;2021-06-24 09:59:00;0.0;
2021-06-24 10:04:00;2021-06-24 10:04:00;0.0;13.6035656132653
2021-06-24 10:09:00;2021-06-24 10:09:00;0.0;
2021-06-24 10:14:00;2021-06-24 10:14:00;0.0;
2021-06-24 10:19:00;2021-06-24 10:19:00;0.0;
2021-06-24 10:24:00;2021-06-24 10:24:00;0.0;
2021-06-24 10:29:00;2021-06-24 10:29:00;0.0;
2021-06-24 10:34:00;2021-06-24 10:34:00;0.0;
2021-06-24 10:39:00;2021-06-24 10:39:00;0.0;
2021-06-24 10:44:00;2021-06-24 10:44:00;0.0;13.2660344058117
2021-06-24 10:49:00;2021-06-24 10:49:00;0.0;12.9341813473661
2021-06-24 10:54:00;2021-06-24 10:54:00;0.0;13.7744748935337
2021-06-24 10:59:00;2021-06-24 10:59:00;0.0;13.4340873667798
2021-06-24 11:04:00;2021-06-24 11:04:00;0.0;13.2660344058117
2021-06-24 11:09:00;2021-06-24 11:09:00;0.0;
2021-06-24 11:14:00;2021-06-24 11:14:00;0.0;13.6035656132653
2021-06-24 11:19:00;2021-06-24 11:19:00;0.0;13.2660344058117
2021-06-24 11:24:00;2021-06-24 11:24:00;0.0;12.6079604518047
2021-06-24 11:29:00;2021-06-24 11:29:00;0.0;12.9341813473661
2021-06-24 11:34:00;2021-06-24 11:34:00;0.0;13.2660344058117
2021-06-24 11:39:00;2021-06-24 11:39:00;0.0;
2021-06-24 11:44:00;2021-06-24 11:44:00;0.0;
2021-06-24 11:49:00;2021-06-24 11:49:00;0.0;12.6079604518047
2021-06-24 11:54:00;2021-06-24 11:54:00;0.0;13.7744748935337
2021-06-24 11:59:00;2021-06-24 11:59:00;0.0;13.0994009820956
2021-06-24 12:04:00;2021-06-24 12:04:00;0.0;12.9341813473661
2021-06-24 12:09:00;2021-06-24 12:09:00;0.0;12.1290888192253
2021-06-24 12:14:00;2021-06-24 12:14:00;0.0;13.4340873667798
2021-06-24 12:19:00;2021-06-24 12:19:00;0.0;12.6079604518047
2021-06-24 12:24:00;2021-06-24 12:24:00;0.0;12.9341813473661
2021-06-24 12:29:00;2021-06-24 12:29:00;0.0;
2021-06-24 12:34:00;2021-06-24 12:34:00;0.0;12.6079604518047
2021-06-24 12:39:00;2021-06-24 12:39:00;0.0;12.287325733004
2021-06-24 12:44:00;2021-06-24 12:44:00;0.0;13.0994009820956
2021-06-24 12:49:00;2021-06-24 12:49:00;0.0;
2021-06-24 12:54:00;2021-06-24 12:54:00;0.0;12.7703697533576
2021-06-24 12:59:00;2021-06-24 12:59:00;0.0;
2021-06-24 13:04:00;2021-06-24 13:04:00;0.0;12.6079604518047
2021-06-24 13:09:00;2021-06-24 13:09:00;0.0;
2021-06-24 13:14:00;2021-06-24 13:14:00;0.0;
2021-06-24 13:19:00;2021-06-24 13:19:00;0.0;
2021-06-24 13:24:00;2021-06-24 13:24:00;0.0;
2021-06-24 13:29:00;2021-06-24 13:29:00;0.0;
2021-06-24 13:34:00;2021-06-24 13:34:00;0.0;
2021-06-24 13:39:00;2021-06-24 13:39:00;0.0;
2021-06-24 13:44:00;2021-06-24 13:44:00;0.0;
2021-06-24 13:49:00;2021-06-24 13:49:00;0.0;
2021-06-24 13:54:00;2021-06-24 13:54:00;0.0;
2021-06-24 13:59:00;2021-06-24 13:59:00;0.0;12.287325733004
2021-06-24 14:04:00;2021-06-24 14:04:00;0.0;12.446947694442
2021-06-24 14:09:00;2021-06-24 14:09:00;0.0;
2021-06-24 14:14:00;2021-06-24 14:14:00;0.0;12.1290888192253
2021-06-24 14:19:00;2021-06-24 14:19:00;0.0;
2021-06-24 14:24:00;2021-06-24 14:24:00;0.0;
2021-06-24 14:29:00;2021-06-24 14:29:00;0.0;
2021-06-24 14:34:00;2021-06-24 14:34:00;0.0;
2021-06-24 14:39:00;2021-06-24 14:39:00;0.0;
2021-06-24 14:44:00;2021-06-24 14:44:00;0.0;
2021-06-24 14:49:00;2021-06-24 14:49:00;0.0;
2021-06-24 14:54:00;2021-06-24 14:54:00;0.0;11.8167471415839
2021-06-24 14:59:00;2021-06-24 14:59:00;0.0;
2021-06-24 15:04:00;2021-06-24 15:04:00;0.0;12.1290888192253
2021-06-24 15:09:00;2021-06-24 15:09:00;0.0;
2021-06-24 15:14:00;2021-06-24 15:14:00;0.0;
2021-06-24 15:19:00;2021-06-24 15:19:00;0.0;11.8167471415839
2021-06-24 15:24:00;2021-06-24 15:24:00;0.0;
2021-06-24 15:29:00;2021-06-24 15:29:00;0.0;12.1290888192253
2021-06-24 15:34:00;2021-06-24 15:34:00;0.0;12.446947694442
2021-06-24 15:39:00;2021-06-24 15:39:00;0.0;
2021-06-24 15:44:00;2021-06-24 15:44:00;0.0;11.8167471415839
2021-06-24 15:49:00;2021-06-24 15:49:00;0.0;
2021-06-24 15:54:00;2021-06-24 15:54:00;0.0;
2021-06-24 15:59:00;2021-06-24 15:59:00;0.0;
2021-06-24 16:04:00;2021-06-24 16:04:00;0.0;11.8167471415839
2021-06-24 16:09:00;2021-06-24 16:09:00;0.0;
2021-06-24 16:14:00;2021-06-24 16:14:00;0.0;
2021-06-24 16:19:00;2021-06-24 16:19:00;0.0;
2021-06-24 16:24:00;2021-06-24 16:24:00;0.0;
2021-06-24 16:29:00;2021-06-24 16:29:00;0.0;
2021-06-24 16:34:00;2021-06-24 16:34:00;0.0;
2021-06-24 16:39:00;2021-06-24 16:39:00;0.0;
2021-06-24 16:44:00;2021-06-24 16:44:00;0.0;
2021-06-24 16:49:00;2021-06-24 16:49:00;0.0;
2021-06-24 16:54:00;2021-06-24 16:54:00;0.0;
2021-06-24 16:59:00;2021-06-24 16:59:00;0.0;
2021-06-24 17:04:00;2021-06-24 17:04:00;0.0;11.5098766753941
2021-06-24 17:09:00;2021-06-24 17:09:00;0.0;
2021-06-24 17:14:00;2021-06-24 17:14:00;0.0;
2021-06-24 17:19:00;2021-06-24 17:19:00;0.0;
2021-06-24 17:24:00;2021-06-24 17:24:00;0.0;
2021-06-24 17:29:00;2021-06-24 17:29:00;0.0;
2021-06-24 17:34:00;2021-06-24 17:34:00;0.0;
2021-06-24 17:39:00;2021-06-24 17:39:00;0.0;
2021-06-24 17:44:00;2021-06-24 17:44:00;0.0;
2021-06-24 17:49:00;2021-06-24 17:49:00;0.0;
2021-06-24 17:54:00;2021-06-24 17:54:00;0.0;
2021-06-24 17:59:00;2021-06-24 17:59:00;0.0;
2021-06-24 18:04:00;2021-06-24 18:04:00;0.0;11.3584787759299
2021-06-24 18:09:00;2021-06-24 18:09:00;0.0;
2021-06-24 18:14:00;2021-06-24 18:14:00;0.0;
2021-06-24 18:19:00;2021-06-24 18:19:00;0.0;
2021-06-24 18:24:00;2021-06-24 18:24:00;0.0;
2021-06-24 18:29:00;2021-06-24 18:29:00;0.0;
2021-06-24 18:34:00;2021-06-24 18:34:00;0.0;
2021-06-24 18:39:00;2021-06-24 18:39:00;0.0;
2021-06-24 18:44:00;2021-06-24 18:44:00;0.0;
2021-06-24 18:49:00;2021-06-24 18:49:00;0.0;
2021-06-24 18:54:00;2021-06-24 18:54:00;0.0;
2021-06-24 18:59:00;2021-06-24 18:59:00;0.0;
2021-06-24 19:04:00;2021-06-24 19:04:00;0.0;11.3584787759299
2021-06-24 19:09:00;2021-06-24 19:09:00;0.0;
2021-06-24 19:14:00;2021-06-24 19:14:00;0.0;
2021-06-24 19:19:00;2021-06-24 19:19:00;0.0;
2021-06-24 19:24:00;2021-06-24 19:24:00;0.0;
2021-06-24 19:29:00;2021-06-24 19:29:00;0.0;
2021-06-24 19:34:00;2021-06-24 19:34:00;0.0;
2021-06-24 19:39:00;2021-06-24 19:39:00;0.0;
2021-06-24 19:44:00;2021-06-24 19:44:00;0.0;11.0597289029358
2021-06-24 19:49:00;2021-06-24 19:49:00;0.0;
2021-06-24 19:54:00;2021-06-24 19:54:00;0.0;
2021-06-24 19:59:00;2021-06-24 19:59:00;0.0;
2021-06-24 20:04:00;2021-06-24 20:04:00;0.0;11.2084314345323
2021-06-24 20:09:00;2021-06-24 20:09:00;0.0;
2021-06-24 20:14:00;2021-06-24 20:14:00;0.0;10.912365432875
2021-06-24 20:19:00;2021-06-24 20:19:00;0.0;
2021-06-24 20:24:00;2021-06-24 20:24:00;0.0;
2021-06-24 20:29:00;2021-06-24 20:29:00;0.0;
2021-06-24 20:34:00;2021-06-24 20:34:00;0.0;
2021-06-24 20:39:00;2021-06-24 20:39:00;0.0;
2021-06-24 20:44:00;2021-06-24 20:44:00;0.0;
2021-06-24 20:49:00;2021-06-24 20:49:00;0.0;
2021-06-24 20:54:00;2021-06-24 20:54:00;0.0;
2021-06-24 20:59:00;2021-06-24 20:59:00;0.0;
2021-06-24 21:04:00;2021-06-24 21:04:00;0.0;11.0597289029358
2021-06-24 21:09:00;2021-06-24 21:09:00;0.0;
2021-06-24 21:14:00;2021-06-24 21:14:00;0.0;
2021-06-24 21:19:00;2021-06-24 21:19:00;0.0;
2021-06-24 21:24:00;2021-06-24 21:24:00;0.0;
2021-06-24 21:29:00;2021-06-24 21:29:00;0.0;
2021-06-24 21:34:00;2021-06-24 21:34:00;0.0;
2021-06-24 21:39:00;2021-06-24 21:39:00;0.0;
2021-06-24 21:44:00;2021-06-24 21:44:00;0.0;
2021-06-24 21:49:00;2021-06-24 21:49:00;0.0;
2021-06-24 21:54:00;2021-06-24 21:54:00;0.0;
2021-06-24 21:59:00;2021-06-24 21:59:00;0.0;
2021-06-24 22:04:00;2021-06-24 22:04:00;0.0;10.912365432875
2021-06-24 22:09:00;2021-06-24 22:09:00;0.0;
2021-06-24 22:14:00;2021-06-24 22:14:00;0.0;
2021-06-24 22:19:00;2021-06-24 22:19:00;0.0;
2021-06-24 22:24:00;2021-06-24 22:24:00;0.0;
2021-06-24 22:29:00;2021-06-24 22:29:00;0.0;
2021-06-24 22:34:00;2021-06-24 22:34:00;0.0;
2021-06-24 22:39:00;2021-06-24 22:39:00;0.0;
2021-06-24 22:44:00;2021-06-24 22:44:00;0.0;
2021-06-24 22:49:00;2021-06-24 22:49:00;0.0;
2021-06-24 22:54:00;2021-06-24 22:54:00;0.0;
2021-06-24 22:59:00;2021-06-24 22:59:00;0.0;
2021-06-24 23:04:00;2021-06-24 23:04:00;0.0;10.912365432875
2021-06-24 23:09:00;2021-06-24 23:09:00;0.0;
2021-06-24 23:14:00;2021-06-24 23:14:00;0.0;
2021-06-24 23:19:00;2021-06-24 23:19:00;0.0;
2021-06-24 23:24:00;2021-06-24 23:24:00;0.0;
2021-06-24 23:29:00;2021-06-24 23:29:00;0.0;
2021-06-24 23:34:00;2021-06-24 23:34:00;0.0;
2021-06-24 23:39:00;2021-06-24 23:39:00;0.0;
2021-06-24 23:44:00;2021-06-24 23:44:00;0.0;
2021-06-24 23:49:00;2021-06-24 23:49:00;0.0;
2021-06-24 23:54:00;2021-06-24 23:54:00;0.0;
2021-06-24 23:59:00;2021-06-24 23:59:00;0.0;
2021-06-25 00:04:00;2021-06-25 00:04:00;0.0;10.7663352760844
2021-06-25 00:09:00;2021-06-25 00:09:00;0.0;
2021-06-25 00:14:00;2021-06-25 00:14:00;0.0;
2021-06-25 00:19:00;2021-06-25 00:19:00;0.0;
2021-06-25 00:24:00;2021-06-25 00:24:00;0.0;
2021-06-25 00:29:00;2021-06-25 00:29:00;0.0;
2021-06-25 00:34:00;2021-06-25 00:34:00;0.0;
2021-06-25 00:39:00;2021-06-25 00:39:00;0.0;
2021-06-25 00:44:00;2021-06-25 00:44:00;0.0;
2021-06-25 00:49:00;2021-06-25 00:49:00;0.0;
2021-06-25 00:54:00;2021-06-25 00:54:00;0.0;
2021-06-25 00:59:00;2021-06-25 00:59:00;0.0;
2021-06-25 01:04:00;2021-06-25 01:04:00;0.0;10.7663352760844
2021-06-25 01:09:00;2021-06-25 01:09:00;0.0;
2021-06-25 01:14:00;2021-06-25 01:14:00;0.0;
2021-06-25 01:19:00;2021-06-25 01:19:00;0.0;
2021-06-25 01:24:00;2021-06-25 01:24:00;0.0;
2021-06-25 01:29:00;2021-06-25 01:29:00;0.0;
2021-06-25 01:34:00;2021-06-25 01:34:00;0.0;
2021-06-25 01:39:00;2021-06-25 01:39:00;0.0;
2021-06-25 01:44:00;2021-06-25 01:44:00;0.0;
2021-06-25 01:49:00;2021-06-25 01:49:00;0.0;
2021-06-25 01:54:00;2021-06-25 01:54:00;0.0;
2021-06-25 01:59:00;2021-06-25 01:59:00;0.0;
2021-06-25 02:04:00;2021-06-25 02:04:00;0.0;10.912365432875
2021-06-25 02:09:00;2021-06-25 02:09:00;0.0;10.6216326842985
2021-06-25 02:14:00;2021-06-25 02:14:00;0.0;
2021-06-25 02:19:00;2021-06-25 02:19:00;0.0;
2021-06-25 02:24:00;2021-06-25 02:24:00;0.0;
2021-06-25 02:29:00;2021-06-25 02:29:00;0.0;
2021-06-25 02:34:00;2021-06-25 02:34:00;0.0;
2021-06-25 02:39:00;2021-06-25 02:39:00;0.0;
2021-06-25 02:44:00;2021-06-25 02:44:00;0.0;
2021-06-25 02:49:00;2021-06-25 02:49:00;0.0;
2021-06-25 02:54:00;2021-06-25 02:54:00;0.0;
2021-06-25 02:59:00;2021-06-25 02:59:00;0.0;
2021-06-25 03:04:00;2021-06-25 03:04:00;0.0;10.6216326842985
2021-06-25 03:09:00;2021-06-25 03:09:00;0.0;
2021-06-25 03:14:00;2021-06-25 03:14:00;0.0;
2021-06-25 03:19:00;2021-06-25 03:19:00;0.0;
2021-06-25 03:24:00;2021-06-25 03:24:00;0.0;
2021-06-25 03:29:00;2021-06-25 03:29:00;0.0;
2021-06-25 03:34:00;2021-06-25 03:34:00;0.0;
2021-06-25 03:39:00;2021-06-25 03:39:00;0.0;
2021-06-25 03:44:00;2021-06-25 03:44:00;0.0;
2021-06-25 03:49:00;2021-06-25 03:49:00;0.0;
2021-06-25 03:54:00;2021-06-25 03:54:00;0.0;
2021-06-25 03:59:00;2021-06-25 03:59:00;0.0;
2021-06-25 04:04:00;2021-06-25 04:04:00;0.0;10.6216326842985
2021-06-25 04:09:00;2021-06-25 04:09:00;0.0;
2021-06-25 04:14:00;2021-06-25 04:14:00;0.0;
2021-06-25 04:19:00;2021-06-25 04:19:00;0.0;
2021-06-25 04:24:00;2021-06-25 04:24:00;0.0;
2021-06-25 04:29:00;2021-06-25 04:29:00;0.0;
2021-06-25 04:34:00;2021-06-25 04:34:00;0.0;
2021-06-25 04:39:00;2021-06-25 04:39:00;0.0;
2021-06-25 04:44:00;2021-06-25 04:44:00;0.0;
2021-06-25 04:49:00;2021-06-25 04:49:00;0.0;
2021-06-25 04:54:00;2021-06-25 04:54:00;0.0;
2021-06-25 04:59:00;2021-06-25 04:59:00;0.0;
2021-06-25 05:04:00;2021-06-25 05:04:00;0.0;10.6216326842985
2021-06-25 05:09:00;2021-06-25 05:09:00;0.0;
2021-06-25 05:14:00;2021-06-25 05:14:00;0.0;
2021-06-25 05:19:00;2021-06-25 05:19:00;0.0;
2021-06-25 05:24:00;2021-06-25 05:24:00;0.0;
2021-06-25 05:29:00;2021-06-25 05:29:00;0.0;10.3361872026791
2021-06-25 05:34:00;2021-06-25 05:34:00;0.0;
2021-06-25 05:39:00;2021-06-25 05:39:00;0.0;
2021-06-25 05:44:00;2021-06-25 05:44:00;0.0;
2021-06-25 05:49:00;2021-06-25 05:49:00;0.0;
2021-06-25 05:54:00;2021-06-25 05:54:00;0.0;
2021-06-25 05:59:00;2021-06-25 05:59:00;0.0;
2021-06-25 06:04:00;2021-06-25 06:04:00;0.0;10.4782519092519
2021-06-25 06:09:00;2021-06-25 06:09:00;0.0;
2021-06-25 06:14:00;2021-06-25 06:14:00;0.0;
2021-06-25 06:19:00;2021-06-25 06:19:00;0.0;
2021-06-25 06:24:00;2021-06-25 06:24:00;0.0;
2021-06-25 06:29:00;2021-06-25 06:29:00;0.0;
2021-06-25 06:34:00;2021-06-25 06:34:00;0.0;
2021-06-25 06:39:00;2021-06-25 06:39:00;0.0;
2021-06-25 06:44:00;2021-06-25 06:44:00;0.0;
2021-06-25 06:49:00;2021-06-25 06:49:00;0.0;
2021-06-25 06:54:00;2021-06-25 06:54:00;0.0;
2021-06-25 06:59:00;2021-06-25 06:59:00;0.0;
2021-06-25 07:04:00;2021-06-25 07:04:00;0.0;10.3361872026791
2021-06-25 07:09:00;2021-06-25 07:09:00;0.0;10.6216326842985
2021-06-25 07:14:00;2021-06-25 07:14:00;0.0;
2021-06-25 07:19:00;2021-06-25 07:19:00;0.0;
2021-06-25 07:24:00;2021-06-25 07:24:00;0.0;
2021-06-25 07:29:00;2021-06-25 07:29:00;0.0;
2021-06-25 07:34:00;2021-06-25 07:34:00;0.0;10.3361872026791
2021-06-25 07:39:00;2021-06-25 07:39:00;0.0;10.6216326842985
2021-06-25 07:44:00;2021-06-25 07:44:00;0.0;10.3361872026791
2021-06-25 07:49:00;2021-06-25 07:49:00;0.0;
2021-06-25 07:54:00;2021-06-25 07:54:00;0.0;
2021-06-25 07:59:00;2021-06-25 07:59:00;0.0;
2021-06-25 08:04:00;2021-06-25 08:04:00;0.0;10.4782519092519
2021-06-25 08:09:00;2021-06-25 08:09:00;0.0;
2021-06-25 08:14:00;2021-06-25 08:14:00;0.0;
2021-06-25 08:19:00;2021-06-25 08:19:00;0.0;
2021-06-25 08:24:00;2021-06-25 08:24:00;0.0;
2021-06-25 08:29:00;2021-06-25 08:29:00;0.0;
2021-06-25 08:34:00;2021-06-25 08:34:00;0.0;
2021-06-25 08:39:00;2021-06-25 08:39:00;0.0;
2021-06-25 08:44:00;2021-06-25 08:44:00;0.0;
2021-06-25 08:49:00;2021-06-25 08:49:00;0.0;
2021-06-25 08:54:00;2021-06-25 08:54:00;0.0;
2021-06-25 08:59:00;2021-06-25 08:59:00;0.0;
2021-06-25 09:04:00;2021-06-25 09:04:00;0.0;10.3361872026791
2021-06-25 09:09:00;2021-06-25 09:09:00;0.0;10.6216326842985
2021-06-25 09:14:00;2021-06-25 09:14:00;0.0;10.3361872026791
2021-06-25 09:19:00;2021-06-25 09:19:00;0.0;
2021-06-25 09:24:00;2021-06-25 09:24:00;0.0;
2021-06-25 09:29:00;2021-06-25 09:29:00;0.0;10.6216326842985
2021-06-25 09:34:00;2021-06-25 09:34:00;0.0;10.3361872026791
2021-06-25 09:39:00;2021-06-25 09:39:00;0.0;
2021-06-25 09:44:00;2021-06-25 09:44:00;0.0;
2021-06-25 09:49:00;2021-06-25 09:49:00;0.0;
2021-06-25 09:54:00;2021-06-25 09:54:00;0.0;
2021-06-25 09:59:00;2021-06-25 09:59:00;0.0;
2021-06-25 10:04:00;2021-06-25 10:04:00;0.0;10.1954328163148
2021-06-25 10:09:00;2021-06-25 10:09:00;0.0;
2021-06-25 10:14:00;2021-06-25 10:14:00;0.0;
2021-06-25 10:19:00;2021-06-25 10:19:00;0.0;
2021-06-25 10:24:00;2021-06-25 10:24:00;0.0;
2021-06-25 10:29:00;2021-06-25 10:29:00;0.0;
2021-06-25 10:34:00;2021-06-25 10:34:00;0.0;
2021-06-25 10:39:00;2021-06-25 10:39:00;0.0;
2021-06-25 10:44:00;2021-06-25 10:44:00;0.0;
2021-06-25 10:49:00;2021-06-25 10:49:00;0.0;
2021-06-25 10:54:00;2021-06-25 10:54:00;0.0;
2021-06-25 10:59:00;2021-06-25 10:59:00;0.0;
2021-06-25 11:04:00;2021-06-25 11:04:00;0.0;10.0559830018933
2021-06-25 11:09:00;2021-06-25 11:09:00;0.0;10.3361872026791
2021-06-25 11:14:00;2021-06-25 11:14:00;0.0;
2021-06-25 11:19:00;2021-06-25 11:19:00;0.0;
2021-06-25 11:24:00;2021-06-25 11:24:00;0.0;
2021-06-25 11:29:00;2021-06-25 11:29:00;0.0;
2021-06-25 11:34:00;2021-06-25 11:34:00;0.0;
2021-06-25 11:39:00;2021-06-25 11:39:00;0.0;
2021-06-25 11:44:00;2021-06-25 11:44:00;0.0;
2021-06-25 11:49:00;2021-06-25 11:49:00;0.0;10.0559830018933
2021-06-25 11:54:00;2021-06-25 11:54:00;0.0;
2021-06-25 11:59:00;2021-06-25 11:59:00;0.0;
2021-06-25 12:04:00;2021-06-25 12:04:00;0.0;10.0559830018933
2021-06-25 12:09:00;2021-06-25 12:09:00;0.0;
2021-06-25 12:14:00;2021-06-25 12:14:00;0.0;10.3361872026791
2021-06-25 12:19:00;2021-06-25 12:19:00;0.0;
2021-06-25 12:24:00;2021-06-25 12:24:00;0.0;
2021-06-25 12:29:00;2021-06-25 12:29:00;0.0;
2021-06-25 12:34:00;2021-06-25 12:34:00;0.0;9.91783201114939
2021-06-25 12:39:00;2021-06-25 12:39:00;0.0;10.1954328163148
2021-06-25 12:44:00;2021-06-25 12:44:00;0.0;9.91783201114939
2021-06-25 12:49:00;2021-06-25 12:49:00;0.0;10.1954328163148
2021-06-25 12:54:00;2021-06-25 12:54:00;0.0;9.91783201114939
2021-06-25 12:59:00;2021-06-25 12:59:00;0.0;
2021-06-25 13:04:00;2021-06-25 13:04:00;0.0;9.91783201114939
2021-06-25 13:09:00;2021-06-25 13:09:00;0.0;
2021-06-25 13:14:00;2021-06-25 13:14:00;0.0;9.64540350763219
2021-06-25 13:19:00;2021-06-25 13:19:00;0.0;9.91783201114939
2021-06-25 13:24:00;2021-06-25 13:24:00;0.0;10.1954328163148
2021-06-25 13:29:00;2021-06-25 13:29:00;0.0;
2021-06-25 13:34:00;2021-06-25 13:34:00;0.0;
2021-06-25 13:39:00;2021-06-25 13:39:00;0.0;
2021-06-25 13:44:00;2021-06-25 13:44:00;0.0;9.91783201114939
2021-06-25 13:49:00;2021-06-25 13:49:00;0.0;
2021-06-25 13:54:00;2021-06-25 13:54:00;0.0;
2021-06-25 13:59:00;2021-06-25 13:59:00;0.0;
2021-06-25 14:04:00;2021-06-25 14:04:00;0.0;9.7809740958175
2021-06-25 14:09:00;2021-06-25 14:09:00;0.0;10.0559830018933
2021-06-25 14:14:00;2021-06-25 14:14:00;0.0;9.7809740958175
2021-06-25 14:19:00;2021-06-25 14:19:00;0.0;
2021-06-25 14:24:00;2021-06-25 14:24:00;0.0;
2021-06-25 14:29:00;2021-06-25 14:29:00;0.0;
2021-06-25 14:34:00;2021-06-25 14:34:00;0.0;
2021-06-25 14:39:00;2021-06-25 14:39:00;0.0;
2021-06-25 14:44:00;2021-06-25 14:44:00;0.0;
2021-06-25 14:49:00;2021-06-25 14:49:00;0.0;
2021-06-25 14:54:00;2021-06-25 14:54:00;0.0;9.511114498328
2021-06-25 14:59:00;2021-06-25 14:59:00;0.0;
2021-06-25 15:04:00;2021-06-25 15:04:00;0.0;9.7809740958175
2021-06-25 15:09:00;2021-06-25 15:09:00;0.0;
2021-06-25 15:14:00;2021-06-25 15:14:00;0.0;
2021-06-25 15:19:00;2021-06-25 15:19:00;0.0;
2021-06-25 15:24:00;2021-06-25 15:24:00;0.0;9.511114498328
2021-06-25 15:29:00;2021-06-25 15:29:00;0.0;
2021-06-25 15:34:00;2021-06-25 15:34:00;0.0;
2021-06-25 15:39:00;2021-06-25 15:39:00;0.0;
2021-06-25 15:44:00;2021-06-25 15:44:00;0.0;
2021-06-25 15:49:00;2021-06-25 15:49:00;0.0;
2021-06-25 15:54:00;2021-06-25 15:54:00;0.0;
2021-06-25 15:59:00;2021-06-25 15:59:00;0.0;
2021-06-25 16:04:00;2021-06-25 16:04:00;0.0;9.511114498328
2021-06-25 16:09:00;2021-06-25 16:09:00;0.0;
2021-06-25 16:14:00;2021-06-25 16:14:00;0.0;9.24635822330123
2021-06-25 16:19:00;2021-06-25 16:19:00;0.0;9.511114498328
2021-06-25 16:24:00;2021-06-25 16:24:00;0.0;
2021-06-25 16:29:00;2021-06-25 16:29:00;0.0;
2021-06-25 16:34:00;2021-06-25 16:34:00;0.0;
2021-06-25 16:39:00;2021-06-25 16:39:00;0.0;
2021-06-25 16:44:00;2021-06-25 16:44:00;0.0;
2021-06-25 16:49:00;2021-06-25 16:49:00;0.0;
2021-06-25 16:54:00;2021-06-25 16:54:00;0.0;9.24635822330123
2021-06-25 16:59:00;2021-06-25 16:59:00;0.0;
2021-06-25 17:04:00;2021-06-25 17:04:00;0.0;9.3781013196395
2021-06-25 17:09:00;2021-06-25 17:09:00;0.0;
2021-06-25 17:14:00;2021-06-25 17:14:00;0.0;
2021-06-25 17:19:00;2021-06-25 17:19:00;0.0;
2021-06-25 17:24:00;2021-06-25 17:24:00;0.0;9.11587946104772
2021-06-25 17:29:00;2021-06-25 17:29:00;0.0;9.3781013196395
2021-06-25 17:34:00;2021-06-25 17:34:00;0.0;
2021-06-25 17:39:00;2021-06-25 17:39:00;0.0;
2021-06-25 17:44:00;2021-06-25 17:44:00;0.0;
2021-06-25 17:49:00;2021-06-25 17:49:00;0.0;
2021-06-25 17:54:00;2021-06-25 17:54:00;0.0;
2021-06-25 17:59:00;2021-06-25 17:59:00;0.0;
2021-06-25 18:04:00;2021-06-25 18:04:00;0.0;9.24635822330123
2021-06-25 18:09:00;2021-06-25 18:09:00;0.0;
2021-06-25 18:14:00;2021-06-25 18:14:00;0.0;
2021-06-25 18:19:00;2021-06-25 18:19:00;0.0;
2021-06-25 18:24:00;2021-06-25 18:24:00;0.0;
2021-06-25 18:29:00;2021-06-25 18:29:00;0.0;
2021-06-25 18:34:00;2021-06-25 18:34:00;0.0;
2021-06-25 18:39:00;2021-06-25 18:39:00;0.0;
2021-06-25 18:44:00;2021-06-25 18:44:00;0.0;
2021-06-25 18:49:00;2021-06-25 18:49:00;0.0;
2021-06-25 18:54:00;2021-06-25 18:54:00;0.0;8.98665928461356
2021-06-25 18:59:00;2021-06-25 18:59:00;0.0;
2021-06-25 19:04:00;2021-06-25 19:04:00;0.0;9.11587946104772
2021-06-25 19:09:00;2021-06-25 19:09:00;0.0;
2021-06-25 19:14:00;2021-06-25 19:14:00;0.0;
2021-06-25 19:19:00;2021-06-25 19:19:00;0.0;
2021-06-25 19:24:00;2021-06-25 19:24:00;0.0;
2021-06-25 19:29:00;2021-06-25 19:29:00;0.0;
2021-06-25 19:34:00;2021-06-25 19:34:00;0.0;
2021-06-25 19:39:00;2021-06-25 19:39:00;0.0;
2021-06-25 19:44:00;2021-06-25 19:44:00;0.0;
2021-06-25 19:49:00;2021-06-25 19:49:00;0.0;
2021-06-25 19:54:00;2021-06-25 19:54:00;0.0;
2021-06-25 19:59:00;2021-06-25 19:59:00;0.0;
2021-06-25 20:04:00;2021-06-25 20:04:00;0.0;8.98665928461356
2021-06-25 20:09:00;2021-06-25 20:09:00;0.0;
2021-06-25 20:14:00;2021-06-25 20:14:00;0.0;
2021-06-25 20:19:00;2021-06-25 20:19:00;0.0;
2021-06-25 20:24:00;2021-06-25 20:24:00;0.0;
2021-06-25 20:29:00;2021-06-25 20:29:00;0.0;
2021-06-25 20:34:00;2021-06-25 20:34:00;0.0;
2021-06-25 20:39:00;2021-06-25 20:39:00;0.0;
2021-06-25 20:44:00;2021-06-25 20:44:00;0.0;
2021-06-25 20:49:00;2021-06-25 20:49:00;0.0;
2021-06-25 20:54:00;2021-06-25 20:54:00;0.0;
2021-06-25 20:59:00;2021-06-25 20:59:00;0.0;
2021-06-25 21:04:00;2021-06-25 21:04:00;0.0;9.11587946104772
2021-06-25 21:09:00;2021-06-25 21:09:00;0.0;
2021-06-25 21:14:00;2021-06-25 21:14:00;0.0;
2021-06-25 21:19:00;2021-06-25 21:19:00;0.0;
2021-06-25 21:24:00;2021-06-25 21:24:00;0.0;
2021-06-25 21:29:00;2021-06-25 21:29:00;0.0;
2021-06-25 21:34:00;2021-06-25 21:34:00;0.0;
2021-06-25 21:39:00;2021-06-25 21:39:00;0.0;
2021-06-25 21:44:00;2021-06-25 21:44:00;0.0;
2021-06-25 21:49:00;2021-06-25 21:49:00;0.0;
2021-06-25 21:54:00;2021-06-25 21:54:00;0.0;
2021-06-25 21:59:00;2021-06-25 21:59:00;0.0;
2021-06-25 22:04:00;2021-06-25 22:04:00;0.0;8.98665928461356
2021-06-25 22:09:00;2021-06-25 22:09:00;0.0;
2021-06-25 22:14:00;2021-06-25 22:14:00;0.0;
2021-06-25 22:19:00;2021-06-25 22:19:00;0.0;
2021-06-25 22:24:00;2021-06-25 22:24:00;0.0;
2021-06-25 22:29:00;2021-06-25 22:29:00;0.0;
2021-06-25 22:34:00;2021-06-25 22:34:00;0.0;
2021-06-25 22:39:00;2021-06-25 22:39:00;0.0;
2021-06-25 22:44:00;2021-06-25 22:44:00;0.0;
2021-06-25 22:49:00;2021-06-25 22:49:00;0.0;
2021-06-25 22:54:00;2021-06-25 22:54:00;0.0;
2021-06-25 22:59:00;2021-06-25 22:59:00;0.0;
2021-06-25 23:04:00;2021-06-25 23:04:00;0.0;9.11587946104772
2021-06-25 23:09:00;2021-06-25 23:09:00;0.0;
2021-06-25 23:14:00;2021-06-25 23:14:00;0.0;
2021-06-25 23:19:00;2021-06-25 23:19:00;0.0;
2021-06-25 23:24:00;2021-06-25 23:24:00;0.0;
2021-06-25 23:29:00;2021-06-25 23:29:00;0.0;
2021-06-25 23:34:00;2021-06-25 23:34:00;0.0;
2021-06-25 23:39:00;2021-06-25 23:39:00;0.0;
2021-06-25 23:44:00;2021-06-25 23:44:00;0.0;
2021-06-25 23:49:00;2021-06-25 23:49:00;0.0;
2021-06-25 23:54:00;2021-06-25 23:54:00;0.0;
2021-06-25 23:59:00;2021-06-25 23:59:00;0.0;
2021-06-26 00:04:00;2021-06-26 00:04:00;0.0;9.11587946104772
2021-06-26 00:09:00;2021-06-26 00:09:00;0.0;
2021-06-26 00:14:00;2021-06-26 00:14:00;0.0;
2021-06-26 00:19:00;2021-06-26 00:19:00;0.0;
2021-06-26 00:24:00;2021-06-26 00:24:00;0.0;
2021-06-26 00:29:00;2021-06-26 00:29:00;0.0;
2021-06-26 00:34:00;2021-06-26 00:34:00;0.0;
2021-06-26 00:39:00;2021-06-26 00:39:00;0.0;
2021-06-26 00:44:00;2021-06-26 00:44:00;0.0;
2021-06-26 00:49:00;2021-06-26 00:49:00;0.0;
2021-06-26 00:54:00;2021-06-26 00:54:00;0.0;
2021-06-26 00:59:00;2021-06-26 00:59:00;0.0;
2021-06-26 01:04:00;2021-06-26 01:04:00;0.0;9.24635822330123
2021-06-26 01:09:00;2021-06-26 01:09:00;0.0;
2021-06-26 01:14:00;2021-06-26 01:14:00;0.0;
2021-06-26 01:19:00;2021-06-26 01:19:00;0.0;
2021-06-26 01:24:00;2021-06-26 01:24:00;0.0;
2021-06-26 01:29:00;2021-06-26 01:29:00;0.0;
2021-06-26 01:34:00;2021-06-26 01:34:00;0.0;
2021-06-26 01:39:00;2021-06-26 01:39:00;0.0;
2021-06-26 01:44:00;2021-06-26 01:44:00;0.0;
2021-06-26 01:49:00;2021-06-26 01:49:00;0.0;
2021-06-26 01:54:00;2021-06-26 01:54:00;0.0;
2021-06-26 01:59:00;2021-06-26 01:59:00;0.0;
2021-06-26 02:04:00;2021-06-26 02:04:00;0.0;9.11587946104772
2021-06-26 02:09:00;2021-06-26 02:09:00;0.0;
2021-06-26 02:14:00;2021-06-26 02:14:00;0.0;
2021-06-26 02:19:00;2021-06-26 02:19:00;0.0;
2021-06-26 02:24:00;2021-06-26 02:24:00;0.0;
2021-06-26 02:29:00;2021-06-26 02:29:00;0.0;
2021-06-26 02:34:00;2021-06-26 02:34:00;0.0;
2021-06-26 02:39:00;2021-06-26 02:39:00;0.0;
2021-06-26 02:44:00;2021-06-26 02:44:00;0.0;
2021-06-26 02:49:00;2021-06-26 02:49:00;0.0;
2021-06-26 02:54:00;2021-06-26 02:54:00;0.0;
2021-06-26 02:59:00;2021-06-26 02:59:00;0.0;
2021-06-26 03:04:00;2021-06-26 03:04:00;0.0;9.11587946104772
2021-06-26 03:09:00;2021-06-26 03:09:00;0.0;
2021-06-26 03:14:00;2021-06-26 03:14:00;0.0;
2021-06-26 03:19:00;2021-06-26 03:19:00;0.0;
2021-06-26 03:24:00;2021-06-26 03:24:00;0.0;
2021-06-26 03:29:00;2021-06-26 03:29:00;0.0;
2021-06-26 03:34:00;2021-06-26 03:34:00;0.0;
2021-06-26 03:39:00;2021-06-26 03:39:00;0.0;
2021-06-26 03:44:00;2021-06-26 03:44:00;0.0;
2021-06-26 03:49:00;2021-06-26 03:49:00;0.0;
2021-06-26 03:54:00;2021-06-26 03:54:00;0.0;
2021-06-26 03:59:00;2021-06-26 03:59:00;0.0;
2021-06-26 04:04:00;2021-06-26 04:04:00;0.0;9.24635822330123
2021-06-26 04:09:00;2021-06-26 04:09:00;0.0;
2021-06-26 04:14:00;2021-06-26 04:14:00;0.0;
2021-06-26 04:19:00;2021-06-26 04:19:00;0.0;
2021-06-26 04:24:00;2021-06-26 04:24:00;0.0;
2021-06-26 04:29:00;2021-06-26 04:29:00;0.0;
2021-06-26 04:34:00;2021-06-26 04:34:00;0.0;
2021-06-26 04:39:00;2021-06-26 04:39:00;0.0;
2021-06-26 04:44:00;2021-06-26 04:44:00;0.0;
2021-06-26 04:49:00;2021-06-26 04:49:00;0.0;8.98665928461356
2021-06-26 04:54:00;2021-06-26 04:54:00;0.0;
2021-06-26 04:59:00;2021-06-26 04:59:00;0.0;
2021-06-26 05:04:00;2021-06-26 05:04:00;0.0;9.11587946104772
2021-06-26 05:09:00;2021-06-26 05:09:00;0.0;
2021-06-26 05:14:00;2021-06-26 05:14:00;0.0;
2021-06-26 05:19:00;2021-06-26 05:19:00;0.0;
2021-06-26 05:24:00;2021-06-26 05:24:00;0.0;
2021-06-26 05:29:00;2021-06-26 05:29:00;0.0;
2021-06-26 05:34:00;2021-06-26 05:34:00;0.0;
2021-06-26 05:39:00;2021-06-26 05:39:00;0.0;
2021-06-26 05:44:00;2021-06-26 05:44:00;0.0;
2021-06-26 05:49:00;2021-06-26 05:49:00;0.0;
2021-06-26 05:54:00;2021-06-26 05:54:00;0.0;
2021-06-26 05:59:00;2021-06-26 05:59:00;0.0;
2021-06-26 06:04:00;2021-06-26 06:04:00;0.0;9.11587946104772
2021-06-26 06:09:00;2021-06-26 06:09:00;0.0;
2021-06-26 06:14:00;2021-06-26 06:14:00;0.0;
2021-06-26 06:19:00;2021-06-26 06:19:00;0.0;
2021-06-26 06:24:00;2021-06-26 06:24:00;0.0;
2021-06-26 06:29:00;2021-06-26 06:29:00;0.0;
2021-06-26 06:34:00;2021-06-26 06:34:00;0.0;
2021-06-26 06:39:00;2021-06-26 06:39:00;0.0;
2021-06-26 06:44:00;2021-06-26 06:44:00;0.0;
2021-06-26 06:49:00;2021-06-26 06:49:00;0.0;
2021-06-26 06:54:00;2021-06-26 06:54:00;0.0;
2021-06-26 06:59:00;2021-06-26 06:59:00;0.0;
2021-06-26 07:04:00;2021-06-26 07:04:00;0.0;9.24635822330123
2021-06-26 07:09:00;2021-06-26 07:09:00;0.0;
2021-06-26 07:14:00;2021-06-26 07:14:00;0.0;
2021-06-26 07:19:00;2021-06-26 07:19:00;0.0;
2021-06-26 07:24:00;2021-06-26 07:24:00;0.0;
2021-06-26 07:29:00;2021-06-26 07:29:00;0.0;
2021-06-26 07:34:00;2021-06-26 07:34:00;0.0;
2021-06-26 07:39:00;2021-06-26 07:39:00;0.0;
2021-06-26 07:44:00;2021-06-26 07:44:00;0.0;
2021-06-26 07:49:00;2021-06-26 07:49:00;0.0;
2021-06-26 07:54:00;2021-06-26 07:54:00;0.0;
2021-06-26 07:59:00;2021-06-26 07:59:00;0.0;
2021-06-26 08:04:00;2021-06-26 08:04:00;0.0;9.11587946104772
2021-06-26 08:09:00;2021-06-26 08:09:00;0.0;
2021-06-26 08:14:00;2021-06-26 08:14:00;0.0;
2021-06-26 08:19:00;2021-06-26 08:19:00;0.0;
2021-06-26 08:24:00;2021-06-26 08:24:00;0.0;
2021-06-26 08:29:00;2021-06-26 08:29:00;0.0;
2021-06-26 08:34:00;2021-06-26 08:34:00;0.0;
2021-06-26 08:39:00;2021-06-26 08:39:00;0.0;9.3781013196395
2021-06-26 08:44:00;2021-06-26 08:44:00;0.0;
2021-06-26 08:49:00;2021-06-26 08:49:00;0.0;
2021-06-26 08:54:00;2021-06-26 08:54:00;0.0;9.11587946104772
2021-06-26 08:59:00;2021-06-26 08:59:00;0.0;
2021-06-26 09:04:00;2021-06-26 09:04:00;0.0;9.11587946104772
2021-06-26 09:09:00;2021-06-26 09:09:00;0.0;
2021-06-26 09:14:00;2021-06-26 09:14:00;0.0;
2021-06-26 09:19:00;2021-06-26 09:19:00;0.0;
2021-06-26 09:24:00;2021-06-26 09:24:00;0.0;9.511114498328
2021-06-26 09:29:00;2021-06-26 09:29:00;0.0;9.24635822330123
2021-06-26 09:34:00;2021-06-26 09:34:00;0.0;
2021-06-26 09:39:00;2021-06-26 09:39:00;0.0;
2021-06-26 09:44:00;2021-06-26 09:44:00;0.0;
2021-06-26 09:49:00;2021-06-26 09:49:00;0.0;
2021-06-26 09:54:00;2021-06-26 09:54:00;0.0;8.98665928461356
2021-06-26 09:59:00;2021-06-26 09:59:00;0.0;
2021-06-26 10:04:00;2021-06-26 10:04:00;0.0;9.11587946104772
2021-06-26 10:09:00;2021-06-26 10:09:00;0.0;
2021-06-26 10:14:00;2021-06-26 10:14:00;0.0;9.3781013196395
2021-06-26 10:19:00;2021-06-26 10:19:00;0.0;
2021-06-26 10:24:00;2021-06-26 10:24:00;0.0;9.11587946104772
2021-06-26 10:29:00;2021-06-26 10:29:00;0.0;
2021-06-26 10:34:00;2021-06-26 10:34:00;0.0;
2021-06-26 10:39:00;2021-06-26 10:39:00;0.0;
2021-06-26 10:44:00;2021-06-26 10:44:00;0.0;
2021-06-26 10:49:00;2021-06-26 10:49:00;0.0;
2021-06-26 10:54:00;2021-06-26 10:54:00;0.0;
2021-06-26 10:59:00;2021-06-26 10:59:00;0.0;
2021-06-26 11:04:00;2021-06-26 11:04:00;0.0;8.98665928461356
2021-06-26 11:09:00;2021-06-26 11:09:00;0.0;9.24635822330123
2021-06-26 11:14:00;2021-06-26 11:14:00;0.0;8.98665928461356
2021-06-26 11:19:00;2021-06-26 11:19:00;0.0;
2021-06-26 11:24:00;2021-06-26 11:24:00;0.0;9.24635822330123
2021-06-26 11:29:00;2021-06-26 11:29:00;0.0;
2021-06-26 11:34:00;2021-06-26 11:34:00;0.0;8.98665928461356
2021-06-26 11:39:00;2021-06-26 11:39:00;0.0;
2021-06-26 11:44:00;2021-06-26 11:44:00;0.0;
2021-06-26 11:49:00;2021-06-26 11:49:00;0.0;
2021-06-26 11:54:00;2021-06-26 11:54:00;0.0;
2021-06-26 11:59:00;2021-06-26 11:59:00;0.0;
2021-06-26 12:04:00;2021-06-26 12:04:00;0.0;8.98665928461356
2021-06-26 12:09:00;2021-06-26 12:09:00;0.0;
2021-06-26 12:14:00;2021-06-26 12:14:00;0.0;9.3781013196395
2021-06-26 12:19:00;2021-06-26 12:19:00;0.0;9.11587946104772
2021-06-26 12:24:00;2021-06-26 12:24:00;0.0;8.85869194573325
2021-06-26 12:29:00;2021-06-26 12:29:00;0.0;
2021-06-26 12:34:00;2021-06-26 12:34:00;0.0;
2021-06-26 12:39:00;2021-06-26 12:39:00;0.0;
2021-06-26 12:44:00;2021-06-26 12:44:00;0.0;9.24635822330123
2021-06-26 12:49:00;2021-06-26 12:49:00;0.0;8.85869194573325
2021-06-26 12:54:00;2021-06-26 12:54:00;0.0;
2021-06-26 12:59:00;2021-06-26 12:59:00;0.0;
2021-06-26 13:04:00;2021-06-26 13:04:00;0.0;8.98665928461356
2021-06-26 13:09:00;2021-06-26 13:09:00;0.0;
2021-06-26 13:14:00;2021-06-26 13:14:00;0.0;8.60649278757246
2021-06-26 13:19:00;2021-06-26 13:19:00;0.0;8.85869194573325
2021-06-26 13:24:00;2021-06-26 13:24:00;0.0;
2021-06-26 13:29:00;2021-06-26 13:29:00;0.0;
2021-06-26 13:34:00;2021-06-26 13:34:00;0.0;
2021-06-26 13:39:00;2021-06-26 13:39:00;0.0;
2021-06-26 13:44:00;2021-06-26 13:44:00;0.0;9.11587946104772
2021-06-26 13:49:00;2021-06-26 13:49:00;0.0;
2021-06-26 13:54:00;2021-06-26 13:54:00;0.0;8.85869194573325
2021-06-26 13:59:00;2021-06-26 13:59:00;0.0;
2021-06-26 14:04:00;2021-06-26 14:04:00;0.0;8.73197169614137
2021-06-26 14:09:00;2021-06-26 14:09:00;0.0;
2021-06-26 14:14:00;2021-06-26 14:14:00;0.0;
2021-06-26 14:19:00;2021-06-26 14:19:00;0.0;
2021-06-26 14:24:00;2021-06-26 14:24:00;0.0;
2021-06-26 14:29:00;2021-06-26 14:29:00;0.0;
2021-06-26 14:34:00;2021-06-26 14:34:00;0.0;
2021-06-26 14:39:00;2021-06-26 14:39:00;0.0;
2021-06-26 14:44:00;2021-06-26 14:44:00;0.0;9.11587946104772
2021-06-26 14:49:00;2021-06-26 14:49:00;0.0;8.60649278757246
2021-06-26 14:54:00;2021-06-26 14:54:00;0.0;
2021-06-26 14:59:00;2021-06-26 14:59:00;0.0;
2021-06-26 15:04:00;2021-06-26 15:04:00;0.0;8.60649278757246
2021-06-26 15:09:00;2021-06-26 15:09:00;0.0;
2021-06-26 15:14:00;2021-06-26 15:14:00;0.0;8.98665928461356
2021-06-26 15:19:00;2021-06-26 15:19:00;0.0;8.48224947176106
2021-06-26 15:24:00;2021-06-26 15:24:00;0.0;
2021-06-26 15:29:00;2021-06-26 15:29:00;0.0;
2021-06-26 15:34:00;2021-06-26 15:34:00;0.0;
2021-06-26 15:39:00;2021-06-26 15:39:00;0.0;
2021-06-26 15:44:00;2021-06-26 15:44:00;0.0;
2021-06-26 15:49:00;2021-06-26 15:49:00;0.0;
2021-06-26 15:54:00;2021-06-26 15:54:00;0.0;
2021-06-26 15:59:00;2021-06-26 15:59:00;0.0;
2021-06-26 16:04:00;2021-06-26 16:04:00;0.0;8.48224947176106
2021-06-26 16:09:00;2021-06-26 16:09:00;0.0;
2021-06-26 16:14:00;2021-06-26 16:14:00;0.0;8.237446625349
2021-06-26 16:19:00;2021-06-26 16:19:00;0.0;
2021-06-26 16:24:00;2021-06-26 16:24:00;0.0;
2021-06-26 16:29:00;2021-06-26 16:29:00;0.0;
2021-06-26 16:34:00;2021-06-26 16:34:00;0.0;
2021-06-26 16:39:00;2021-06-26 16:39:00;0.0;8.60649278757246
2021-06-26 16:44:00;2021-06-26 16:44:00;0.0;8.35923600044172
2021-06-26 16:49:00;2021-06-26 16:49:00;0.0;
2021-06-26 16:54:00;2021-06-26 16:54:00;0.0;8.60649278757246
2021-06-26 16:59:00;2021-06-26 16:59:00;0.0;
2021-06-26 17:04:00;2021-06-26 17:04:00;0.0;8.35923600044172
2021-06-26 17:09:00;2021-06-26 17:09:00;0.0;
2021-06-26 17:14:00;2021-06-26 17:14:00;0.0;
2021-06-26 17:19:00;2021-06-26 17:19:00;0.0;
2021-06-26 17:24:00;2021-06-26 17:24:00;0.0;
2021-06-26 17:29:00;2021-06-26 17:29:00;0.0;
2021-06-26 17:34:00;2021-06-26 17:34:00;0.0;
2021-06-26 17:39:00;2021-06-26 17:39:00;0.0;
2021-06-26 17:44:00;2021-06-26 17:44:00;0.0;
2021-06-26 17:49:00;2021-06-26 17:49:00;0.0;
2021-06-26 17:54:00;2021-06-26 17:54:00;0.0;
2021-06-26 17:59:00;2021-06-26 17:59:00;0.0;
2021-06-26 18:04:00;2021-06-26 18:04:00;0.0;8.237446625349
2021-06-26 18:09:00;2021-06-26 18:09:00;0.0;
2021-06-26 18:14:00;2021-06-26 18:14:00;0.0;
2021-06-26 18:19:00;2021-06-26 18:19:00;0.0;
2021-06-26 18:24:00;2021-06-26 18:24:00;0.0;
2021-06-26 18:29:00;2021-06-26 18:29:00;0.0;
2021-06-26 18:34:00;2021-06-26 18:34:00;0.0;
2021-06-26 18:39:00;2021-06-26 18:39:00;0.0;
2021-06-26 18:44:00;2021-06-26 18:44:00;0.0;
2021-06-26 18:49:00;2021-06-26 18:49:00;0.0;
2021-06-26 18:54:00;2021-06-26 18:54:00;0.0;
2021-06-26 18:59:00;2021-06-26 18:59:00;0.0;
2021-06-26 19:04:00;2021-06-26 19:04:00;0.0;8.237446625349
2021-06-26 19:09:00;2021-06-26 19:09:00;0.0;
2021-06-26 19:14:00;2021-06-26 19:14:00;0.0;
2021-06-26 19:19:00;2021-06-26 19:19:00;0.0;
2021-06-26 19:24:00;2021-06-26 19:24:00;0.0;
2021-06-26 19:29:00;2021-06-26 19:29:00;0.0;
2021-06-26 19:34:00;2021-06-26 19:34:00;0.0;
2021-06-26 19:39:00;2021-06-26 19:39:00;0.0;
2021-06-26 19:44:00;2021-06-26 19:44:00;0.0;
2021-06-26 19:49:00;2021-06-26 19:49:00;0.0;
2021-06-26 19:54:00;2021-06-26 19:54:00;0.0;
2021-06-26 19:59:00;2021-06-26 19:59:00;0.0;
2021-06-26 20:04:00;2021-06-26 20:04:00;0.0;8.237446625349
2021-06-26 20:09:00;2021-06-26 20:09:00;0.0;
2021-06-26 20:14:00;2021-06-26 20:14:00;0.0;
2021-06-26 20:19:00;2021-06-26 20:19:00;0.0;
2021-06-26 20:24:00;2021-06-26 20:24:00;0.0;
2021-06-26 20:29:00;2021-06-26 20:29:00;0.0;
2021-06-26 20:34:00;2021-06-26 20:34:00;0.0;
2021-06-26 20:39:00;2021-06-26 20:39:00;0.0;
2021-06-26 20:44:00;2021-06-26 20:44:00;0.0;
2021-06-26 20:49:00;2021-06-26 20:49:00;0.0;
2021-06-26 20:54:00;2021-06-26 20:54:00;0.0;
2021-06-26 20:59:00;2021-06-26 20:59:00;0.0;
2021-06-26 21:04:00;2021-06-26 21:04:00;0.0;8.11687559821744
2021-06-26 21:09:00;2021-06-26 21:09:00;0.0;
2021-06-26 21:14:00;2021-06-26 21:14:00;0.0;
2021-06-26 21:19:00;2021-06-26 21:19:00;0.0;
2021-06-26 21:24:00;2021-06-26 21:24:00;0.0;
2021-06-26 21:29:00;2021-06-26 21:29:00;0.0;
2021-06-26 21:34:00;2021-06-26 21:34:00;0.0;
2021-06-26 21:39:00;2021-06-26 21:39:00;0.0;
2021-06-26 21:44:00;2021-06-26 21:44:00;0.0;
2021-06-26 21:49:00;2021-06-26 21:49:00;0.0;
2021-06-26 21:54:00;2021-06-26 21:54:00;0.0;
2021-06-26 21:59:00;2021-06-26 21:59:00;0.0;
2021-06-26 22:04:00;2021-06-26 22:04:00;0.0;8.237446625349
2021-06-26 22:09:00;2021-06-26 22:09:00;0.0;
2021-06-26 22:14:00;2021-06-26 22:14:00;0.0;
2021-06-26 22:19:00;2021-06-26 22:19:00;0.0;
2021-06-26 22:24:00;2021-06-26 22:24:00;0.0;
2021-06-26 22:29:00;2021-06-26 22:29:00;0.0;
2021-06-26 22:34:00;2021-06-26 22:34:00;0.0;
2021-06-26 22:39:00;2021-06-26 22:39:00;0.0;
2021-06-26 22:44:00;2021-06-26 22:44:00;0.0;
2021-06-26 22:49:00;2021-06-26 22:49:00;0.0;
2021-06-26 22:54:00;2021-06-26 22:54:00;0.0;
2021-06-26 22:59:00;2021-06-26 22:59:00;0.0;
2021-06-26 23:04:00;2021-06-26 23:04:00;0.0;8.35923600044172
2021-06-26 23:09:00;2021-06-26 23:09:00;0.0;
2021-06-26 23:14:00;2021-06-26 23:14:00;0.0;
2021-06-26 23:19:00;2021-06-26 23:19:00;0.0;
2021-06-26 23:24:00;2021-06-26 23:24:00;0.0;
2021-06-26 23:29:00;2021-06-26 23:29:00;0.0;
2021-06-26 23:34:00;2021-06-26 23:34:00;0.0;
2021-06-26 23:39:00;2021-06-26 23:39:00;0.0;
2021-06-26 23:44:00;2021-06-26 23:44:00;0.0;
2021-06-26 23:49:00;2021-06-26 23:49:00;0.0;
2021-06-26 23:54:00;2021-06-26 23:54:00;0.0;
2021-06-26 23:59:00;2021-06-26 23:59:00;0.0;
2021-06-27 00:04:00;2021-06-27 00:04:00;0.0;8.35923600044172
