dateP;dateQ;P_mm;Q_ls;year
2021-04-09 20:39:00;2021-04-09 20:39:00;0.5;;2021
2021-04-09 20:44:00;2021-04-09 20:44:00;0.0;;2021
2021-04-09 20:49:00;2021-04-09 20:49:00;0.0;;2021
2021-04-09 20:54:00;2021-04-09 20:54:00;0.0;;2021
2021-04-09 20:59:00;2021-04-09 20:59:00;0.0;4.70133509730725;2021
2021-04-09 21:04:00;2021-04-09 21:04:00;0.0;4.70133509730725;2021
2021-04-09 21:09:00;2021-04-09 21:09:00;0.0;;2021
2021-04-09 21:14:00;2021-04-09 21:14:00;0.0;;2021
2021-04-09 21:19:00;2021-04-09 21:19:00;0.0;;2021
2021-04-09 21:24:00;2021-04-09 21:24:00;0.0;;2021
2021-04-09 21:29:00;2021-04-09 21:29:00;0.0;;2021
2021-04-09 21:34:00;2021-04-09 21:34:00;0.0;;2021
2021-04-09 21:39:00;2021-04-09 21:39:00;0.0;;2021
2021-04-09 21:44:00;2021-04-09 21:44:00;0.0;;2021
2021-04-09 21:49:00;2021-04-09 21:49:00;0.0;;2021
2021-04-09 21:54:00;2021-04-09 21:54:00;0.0;;2021
2021-04-09 21:59:00;2021-04-09 21:59:00;0.0;;2021
2021-04-09 22:04:00;2021-04-09 22:04:00;0.0;4.70133509730725;2021
2021-04-09 22:09:00;2021-04-09 22:09:00;0.0;;2021
2021-04-09 22:14:00;2021-04-09 22:14:00;0.0;;2021
2021-04-09 22:19:00;2021-04-09 22:19:00;0.0;;2021
2021-04-09 22:24:00;2021-04-09 22:24:00;0.0;;2021
2021-04-09 22:29:00;2021-04-09 22:29:00;0.0;;2021
2021-04-09 22:34:00;2021-04-09 22:34:00;0.0;;2021
2021-04-09 22:39:00;2021-04-09 22:39:00;0.0;;2021
2021-04-09 22:44:00;2021-04-09 22:44:00;0.0;4.53924599626069;2021
2021-04-09 22:49:00;2021-04-09 22:49:00;0.0;;2021
2021-04-09 22:54:00;2021-04-09 22:54:00;0.0;4.70133509730725;2021
2021-04-09 22:59:00;2021-04-09 22:59:00;0.0;;2021
2021-04-09 23:04:00;2021-04-09 23:04:00;0.0;4.61978484158153;2021
2021-04-09 23:09:00;2021-04-09 23:09:00;0.0;;2021
2021-04-09 23:14:00;2021-04-09 23:14:00;0.0;;2021
2021-04-09 23:19:00;2021-04-09 23:19:00;0.0;;2021
2021-04-09 23:24:00;2021-04-09 23:24:00;0.0;4.78390251170331;2021
2021-04-09 23:29:00;2021-04-09 23:29:00;0.0;;2021
2021-04-09 23:34:00;2021-04-09 23:34:00;0.0;;2021
2021-04-09 23:39:00;2021-04-09 23:39:00;0.0;;2021
2021-04-09 23:44:00;2021-04-09 23:44:00;0.0;;2021
2021-04-09 23:49:00;2021-04-09 23:49:00;0.0;;2021
2021-04-09 23:54:00;2021-04-09 23:54:00;0.0;;2021
2021-04-09 23:59:00;2021-04-09 23:59:00;0.0;;2021
2021-04-10 00:04:00;2021-04-10 00:04:00;0.0;4.78390251170331;2021
2021-04-10 00:09:00;2021-04-10 00:09:00;0.0;;2021
2021-04-10 00:14:00;2021-04-10 00:14:00;0.0;;2021
2021-04-10 00:19:00;2021-04-10 00:19:00;0.0;;2021
2021-04-10 00:24:00;2021-04-10 00:24:00;0.0;;2021
2021-04-10 00:29:00;2021-04-10 00:29:00;0.0;;2021
2021-04-10 00:34:00;2021-04-10 00:34:00;0.0;;2021
2021-04-10 00:39:00;2021-04-10 00:39:00;0.0;4.95211180956827;2021
2021-04-10 00:44:00;2021-04-10 00:44:00;0.0;;2021
2021-04-10 00:49:00;2021-04-10 00:49:00;0.0;;2021
2021-04-10 00:54:00;2021-04-10 00:54:00;0.0;;2021
2021-04-10 00:59:00;2021-04-10 00:59:00;0.0;5.1244587213;2021
2021-04-10 01:04:00;2021-04-10 01:04:00;0.0;5.1244587213;2021
2021-04-10 01:09:00;2021-04-10 01:09:00;0.0;;2021
2021-04-10 01:14:00;2021-04-10 01:14:00;0.0;;2021
2021-04-10 01:19:00;2021-04-10 01:19:00;0.0;;2021
2021-04-10 01:24:00;2021-04-10 01:24:00;0.0;;2021
2021-04-10 01:29:00;2021-04-10 01:29:00;0.0;;2021
2021-04-10 01:34:00;2021-04-10 01:34:00;0.0;;2021
2021-04-10 01:39:00;2021-04-10 01:39:00;0.0;;2021
2021-04-10 01:44:00;2021-04-10 01:44:00;0.0;;2021
2021-04-10 01:49:00;2021-04-10 01:49:00;0.0;;2021
2021-04-10 01:54:00;2021-04-10 01:54:00;0.0;;2021
2021-04-10 01:59:00;2021-04-10 01:59:00;0.0;;2021
2021-04-10 02:04:00;2021-04-10 02:04:00;0.0;5.21219815302954;2021
2021-04-10 02:09:00;2021-04-10 02:09:00;0.0;;2021
2021-04-10 02:14:00;2021-04-10 02:14:00;0.5;;2021
2021-04-10 02:19:00;2021-04-10 02:19:00;0.0;;2021
2021-04-10 02:24:57;2021-04-10 02:24:00;0.5;;2021
2021-04-10 02:29:00;2021-04-10 02:29:00;0.0;;2021
2021-04-10 02:34:00;2021-04-10 02:34:00;0.0;;2021
2021-04-10 02:39:00;2021-04-10 02:39:00;0.0;;2021
2021-04-10 02:44:00;2021-04-10 02:44:00;0.0;;2021
2021-04-10 02:49:00;2021-04-10 02:49:00;0.5;5.39083770954324;2021
2021-04-10 02:54:00;2021-04-10 02:54:00;0.0;;2021
2021-04-10 02:59:00;2021-04-10 02:59:00;0.0;;2021
2021-04-10 03:04:00;2021-04-10 03:04:00;0.0;5.57372984523275;2021
2021-04-10 03:09:00;2021-04-10 03:09:00;0.0;;2021
2021-04-10 03:14:00;2021-04-10 03:14:00;0.5;;2021
2021-04-10 03:19:00;2021-04-10 03:19:00;0.0;;2021
2021-04-10 03:24:00;2021-04-10 03:24:00;0.0;5.7609205462217;2021
2021-04-10 03:29:00;2021-04-10 03:29:00;0.0;;2021
2021-04-10 03:34:00;2021-04-10 03:34:00;0.0;;2021
2021-04-10 03:39:00;2021-04-10 03:39:00;0.0;;2021
2021-04-10 03:44:00;2021-04-10 03:44:00;0.5;;2021
2021-04-10 03:49:00;2021-04-10 03:49:00;0.0;;2021
2021-04-10 03:54:00;2021-04-10 03:54:00;0.0;6.049867002287;2021
2021-04-10 03:59:00;2021-04-10 03:59:00;0.0;;2021
2021-04-10 04:04:00;2021-04-10 04:04:00;0.0;6.049867002287;2021
2021-04-10 04:09:00;2021-04-10 04:09:00;0.0;;2021
2021-04-10 04:14:00;2021-04-10 04:14:00;0.0;;2021
2021-04-10 04:19:00;2021-04-10 04:19:00;0.0;;2021
2021-04-10 04:24:00;2021-04-10 04:24:00;0.0;;2021
2021-04-10 04:29:00;2021-04-10 04:29:00;0.0;;2021
2021-04-10 04:34:00;2021-04-10 04:34:00;0.0;;2021
2021-04-10 04:39:00;2021-04-10 04:39:00;0.0;;2021
2021-04-10 04:44:00;2021-04-10 04:44:00;0.0;;2021
2021-04-10 04:49:00;2021-04-10 04:49:00;0.0;;2021
2021-04-10 04:54:00;2021-04-10 04:54:00;0.0;;2021
2021-04-10 04:59:00;2021-04-10 04:59:00;0.0;;2021
2021-04-10 05:04:00;2021-04-10 05:04:00;0.0;5.95245579863372;2021
2021-04-10 05:09:00;2021-04-10 05:09:00;0.0;;2021
2021-04-10 05:14:00;2021-04-10 05:14:00;0.0;;2021
2021-04-10 05:19:00;2021-04-10 05:19:00;0.0;;2021
2021-04-10 05:24:00;2021-04-10 05:24:00;0.0;;2021
2021-04-10 05:29:00;2021-04-10 05:29:00;0.0;;2021
2021-04-10 05:34:00;2021-04-10 05:34:00;0.0;;2021
2021-04-10 05:39:00;2021-04-10 05:39:00;0.0;;2021
2021-04-10 05:44:00;2021-04-10 05:44:00;0.0;;2021
2021-04-10 05:49:00;2021-04-10 05:49:00;0.0;;2021
2021-04-10 05:54:00;2021-04-10 05:54:00;0.0;;2021
2021-04-10 05:59:00;2021-04-10 05:59:00;0.0;;2021
2021-04-10 06:04:00;2021-04-10 06:04:00;0.0;5.8561422293671;2021
2021-04-10 06:09:00;2021-04-10 06:09:00;0.0;;2021
2021-04-10 06:14:00;2021-04-10 06:14:00;0.0;;2021
2021-04-10 06:19:00;2021-04-10 06:19:00;0.0;;2021
2021-04-10 06:24:00;2021-04-10 06:24:00;0.0;;2021
2021-04-10 06:29:00;2021-04-10 06:29:00;0.0;6.049867002287;2021
2021-04-10 06:34:00;2021-04-10 06:34:00;0.0;;2021
2021-04-10 06:39:00;2021-04-10 06:39:00;0.0;;2021
2021-04-10 06:44:00;2021-04-10 06:44:00;0.0;;2021
2021-04-10 06:49:00;2021-04-10 06:49:00;0.0;;2021
2021-04-10 06:54:00;2021-04-10 06:54:00;0.0;;2021
2021-04-10 06:59:00;2021-04-10 06:59:00;0.0;5.8561422293671;2021
2021-04-10 07:04:00;2021-04-10 07:04:00;0.0;5.95245579863372;2021
2021-04-10 07:09:00;2021-04-10 07:09:00;0.0;;2021
2021-04-10 07:14:00;2021-04-10 07:14:00;0.0;;2021
2021-04-10 07:19:00;2021-04-10 07:19:00;0.0;;2021
2021-04-10 07:24:00;2021-04-10 07:24:00;0.0;;2021
2021-04-10 07:29:00;2021-04-10 07:29:00;0.0;;2021
2021-04-10 07:34:00;2021-04-10 07:34:00;0.0;;2021
2021-04-10 07:39:00;2021-04-10 07:39:00;0.0;;2021
2021-04-10 07:44:00;2021-04-10 07:44:00;0.0;;2021
2021-04-10 07:49:00;2021-04-10 07:49:00;0.0;;2021
2021-04-10 07:54:00;2021-04-10 07:54:00;0.0;;2021
2021-04-10 07:59:00;2021-04-10 07:59:00;0.0;;2021
2021-04-10 08:04:00;2021-04-10 08:04:00;0.0;5.8561422293671;2021
2021-04-10 08:09:00;2021-04-10 08:09:00;0.0;;2021
2021-04-10 08:14:00;2021-04-10 08:14:00;0.0;;2021
2021-04-10 08:19:00;2021-04-10 08:19:00;0.0;;2021
2021-04-10 08:24:00;2021-04-10 08:24:00;0.0;;2021
2021-04-10 08:29:00;2021-04-10 08:29:00;0.5;;2021
2021-04-10 08:34:00;2021-04-10 08:34:00;0.0;;2021
2021-04-10 08:39:00;2021-04-10 08:39:00;0.0;;2021
2021-04-10 08:44:00;2021-04-10 08:44:00;0.0;;2021
2021-04-10 08:49:00;2021-04-10 08:49:00;0.0;;2021
2021-04-10 08:54:00;2021-04-10 08:54:00;0.0;;2021
2021-04-10 08:59:00;2021-04-10 08:59:00;0.0;;2021
2021-04-10 09:04:00;2021-04-10 09:04:00;0.0;5.8561422293671;2021
2021-04-10 09:09:00;2021-04-10 09:09:00;0.0;;2021
2021-04-10 09:14:00;2021-04-10 09:14:00;0.0;;2021
2021-04-10 09:19:00;2021-04-10 09:19:00;0.0;;2021
2021-04-10 09:24:00;2021-04-10 09:24:00;0.0;;2021
2021-04-10 09:29:00;2021-04-10 09:29:00;0.0;6.049867002287;2021
2021-04-10 09:34:00;2021-04-10 09:34:00;0.0;;2021
2021-04-10 09:39:00;2021-04-10 09:39:00;0.0;;2021
2021-04-10 09:44:00;2021-04-10 09:44:00;0.0;;2021
2021-04-10 09:49:00;2021-04-10 09:49:00;0.0;;2021
2021-04-10 09:54:00;2021-04-10 09:54:00;0.0;;2021
2021-04-10 09:59:00;2021-04-10 09:59:00;0.0;;2021
2021-04-10 10:04:00;2021-04-10 10:04:00;0.0;6.1483815885924;2021
2021-04-10 10:09:00;2021-04-10 10:09:00;0.0;;2021
2021-04-10 10:14:00;2021-04-10 10:14:00;0.0;;2021
2021-04-10 10:19:00;2021-04-10 10:19:00;0.0;;2021
2021-04-10 10:24:00;2021-04-10 10:24:00;0.0;;2021
2021-04-10 10:29:00;2021-04-10 10:29:00;0.0;;2021
2021-04-10 10:34:00;2021-04-10 10:34:00;0.0;;2021
2021-04-10 10:39:00;2021-04-10 10:39:00;0.0;;2021
2021-04-10 10:44:00;2021-04-10 10:44:00;0.0;;2021
2021-04-10 10:49:00;2021-04-10 10:49:00;0.0;;2021
2021-04-10 10:54:00;2021-04-10 10:54:00;0.0;;2021
2021-04-10 10:59:00;2021-04-10 10:59:00;0.0;;2021
2021-04-10 11:04:00;2021-04-10 11:04:00;0.0;6.1483815885924;2021
2021-04-10 11:09:00;2021-04-10 11:09:00;0.0;;2021
2021-04-10 11:14:00;2021-04-10 11:14:00;0.0;;2021
2021-04-10 11:19:00;2021-04-10 11:19:00;0.0;;2021
2021-04-10 11:24:00;2021-04-10 11:24:00;0.0;;2021
2021-04-10 11:29:00;2021-04-10 11:29:00;0.5;6.34874390222138;2021
2021-04-10 11:34:00;2021-04-10 11:34:00;0.0;;2021
2021-04-10 11:39:00;2021-04-10 11:39:00;0.0;;2021
2021-04-10 11:44:00;2021-04-10 11:44:00;0.0;;2021
2021-04-10 11:49:00;2021-04-10 11:49:00;0.0;;2021
2021-04-10 11:54:00;2021-04-10 11:54:00;0.0;;2021
2021-04-10 11:59:00;2021-04-10 11:59:00;0.0;;2021
2021-04-10 12:04:00;2021-04-10 12:04:00;0.0;6.55358872564425;2021
2021-04-10 12:09:00;2021-04-10 12:09:00;0.0;;2021
2021-04-10 12:14:00;2021-04-10 12:14:00;0.0;;2021
2021-04-10 12:19:00;2021-04-10 12:19:00;0.0;;2021
2021-04-10 12:24:00;2021-04-10 12:24:00;0.0;;2021
2021-04-10 12:29:00;2021-04-10 12:29:00;0.0;;2021
2021-04-10 12:34:00;2021-04-10 12:34:00;0.0;;2021
2021-04-10 12:39:00;2021-04-10 12:39:00;0.0;;2021
2021-04-10 12:44:00;2021-04-10 12:44:00;0.0;;2021
2021-04-10 12:49:00;2021-04-10 12:49:00;0.0;;2021
2021-04-10 12:54:00;2021-04-10 12:54:00;0.0;;2021
2021-04-10 12:59:00;2021-04-10 12:59:00;0.0;6.76296204498464;2021
2021-04-10 13:04:00;2021-04-10 13:04:00;0.0;6.76296204498464;2021
2021-04-10 13:09:00;2021-04-10 13:09:00;0.0;;2021
2021-04-10 13:14:00;2021-04-10 13:14:00;0.0;;2021
2021-04-10 13:19:00;2021-04-10 13:19:00;0.0;;2021
2021-04-10 13:24:00;2021-04-10 13:24:00;0.0;;2021
2021-04-10 13:29:00;2021-04-10 13:29:00;0.0;;2021
2021-04-10 13:34:00;2021-04-10 13:34:00;0.0;;2021
2021-04-10 13:39:00;2021-04-10 13:39:00;0.0;;2021
2021-04-10 13:44:00;2021-04-10 13:44:00;0.0;;2021
2021-04-10 13:49:00;2021-04-10 13:49:00;0.0;;2021
2021-04-10 13:54:00;2021-04-10 13:54:00;0.0;;2021
2021-04-10 13:59:00;2021-04-10 13:59:00;0.0;;2021
2021-04-10 14:04:00;2021-04-10 14:04:00;0.0;6.97690984636618;2021
2021-04-10 14:09:00;2021-04-10 14:09:00;0.0;;2021
2021-04-10 14:14:00;2021-04-10 14:14:00;0.0;;2021
2021-04-10 14:19:00;2021-04-10 14:19:00;0.0;;2021
2021-04-10 14:24:00;2021-04-10 14:24:00;0.0;;2021
2021-04-10 14:29:00;2021-04-10 14:29:00;0.0;;2021
2021-04-10 14:34:00;2021-04-10 14:34:00;0.0;;2021
2021-04-10 14:39:00;2021-04-10 14:39:00;0.0;7.19547811591246;2021
2021-04-10 14:44:00;2021-04-10 14:44:00;0.0;;2021
2021-04-10 14:49:00;2021-04-10 14:49:00;0.0;;2021
2021-04-10 14:54:00;2021-04-10 14:54:00;0.0;;2021
2021-04-10 14:59:00;2021-04-10 14:59:00;0.0;;2021
2021-04-10 15:04:00;2021-04-10 15:04:00;0.0;7.41871283974711;2021
2021-04-10 15:09:00;2021-04-10 15:09:00;0.0;;2021
2021-04-10 15:14:00;2021-04-10 15:14:00;0.0;;2021
2021-04-10 15:19:00;2021-04-10 15:19:00;0.0;7.64666000399375;2021
2021-04-10 15:24:00;2021-04-10 15:24:00;0.0;;2021
2021-04-10 15:29:00;2021-04-10 15:29:00;0.0;;2021
2021-04-10 15:34:00;2021-04-10 15:34:00;0.0;;2021
2021-04-10 15:39:00;2021-04-10 15:39:00;0.0;;2021
2021-04-10 15:44:00;2021-04-10 15:44:00;0.0;;2021
2021-04-10 15:49:00;2021-04-10 15:49:00;0.0;;2021
2021-04-10 15:54:00;2021-04-10 15:54:00;0.0;;2021
2021-04-10 15:59:00;2021-04-10 15:59:00;0.0;;2021
2021-04-10 16:04:00;2021-04-10 16:04:00;0.0;7.76241512193519;2021
2021-04-10 16:09:00;2021-04-10 16:09:00;0.5;;2021
2021-04-10 16:14:00;2021-04-10 16:14:00;0.0;;2021
2021-04-10 16:19:00;2021-04-10 16:19:00;0.0;7.99751717078158;2021
2021-04-10 16:24:00;2021-04-10 16:24:00;0.0;;2021
2021-04-10 16:29:00;2021-04-10 16:29:00;0.0;;2021
2021-04-10 16:34:00;2021-04-10 16:34:00;0.0;;2021
2021-04-10 16:39:00;2021-04-10 16:39:00;0.0;;2021
2021-04-10 16:44:00;2021-04-10 16:44:00;0.0;;2021
2021-04-10 16:49:00;2021-04-10 16:49:00;0.0;;2021
2021-04-10 16:54:00;2021-04-10 16:54:00;0.0;;2021
2021-04-10 16:59:00;2021-04-10 16:59:00;0.0;;2021
2021-04-10 17:04:00;2021-04-10 17:04:00;0.0;7.99751717078158;2021
2021-04-10 17:09:00;2021-04-10 17:09:00;0.0;;2021
2021-04-10 17:14:00;2021-04-10 17:14:00;0.0;;2021
2021-04-10 17:19:00;2021-04-10 17:19:00;0.0;;2021
2021-04-10 17:24:00;2021-04-10 17:24:00;0.0;;2021
2021-04-10 17:29:00;2021-04-10 17:29:00;0.0;8.237446625349;2021
2021-04-10 17:34:00;2021-04-10 17:34:00;0.0;;2021
2021-04-10 17:39:00;2021-04-10 17:39:00;0.0;;2021
2021-04-10 17:44:00;2021-04-10 17:44:00;0.0;;2021
2021-04-10 17:49:00;2021-04-10 17:49:00;0.0;;2021
2021-04-10 17:54:00;2021-04-10 17:54:00;0.0;;2021
2021-04-10 17:59:00;2021-04-10 17:59:00;0.0;;2021
2021-04-10 18:04:00;2021-04-10 18:04:00;0.0;8.35923600044172;2021
2021-04-10 18:09:00;2021-04-10 18:09:00;0.0;;2021
2021-04-10 18:14:00;2021-04-10 18:14:00;0.0;;2021
2021-04-10 18:19:00;2021-04-10 18:19:00;0.0;;2021
2021-04-10 18:24:00;2021-04-10 18:24:00;0.0;;2021
2021-04-10 18:29:00;2021-04-10 18:29:00;0.0;;2021
2021-04-10 18:34:00;2021-04-10 18:34:00;0.0;;2021
2021-04-10 18:39:00;2021-04-10 18:39:00;0.0;;2021
2021-04-10 18:44:00;2021-04-10 18:44:00;0.0;;2021
2021-04-10 18:49:00;2021-04-10 18:49:00;0.0;;2021
2021-04-10 18:54:00;2021-04-10 18:54:00;0.0;;2021
2021-04-10 18:59:00;2021-04-10 18:59:00;0.0;;2021
2021-04-10 19:04:00;2021-04-10 19:04:00;0.0;8.35923600044172;2021
2021-04-10 19:09:00;2021-04-10 19:09:00;0.0;;2021
2021-04-10 19:14:00;2021-04-10 19:14:00;0.0;;2021
2021-04-10 19:19:00;2021-04-10 19:19:00;0.0;;2021
2021-04-10 19:24:00;2021-04-10 19:24:00;0.0;;2021
2021-04-10 19:29:00;2021-04-10 19:29:00;0.0;;2021
2021-04-10 19:34:00;2021-04-10 19:34:00;0.0;;2021
2021-04-10 19:39:00;2021-04-10 19:39:00;0.0;;2021
2021-04-10 19:44:00;2021-04-10 19:44:00;0.0;;2021
2021-04-10 19:49:00;2021-04-10 19:49:00;0.0;;2021
2021-04-10 19:54:00;2021-04-10 19:54:00;0.0;;2021
2021-04-10 19:59:00;2021-04-10 19:59:00;0.0;;2021
2021-04-10 20:04:00;2021-04-10 20:04:00;0.0;8.237446625349;2021
2021-04-10 20:09:00;2021-04-10 20:09:00;0.0;;2021
2021-04-10 20:14:00;2021-04-10 20:14:00;0.0;;2021
2021-04-10 20:19:00;2021-04-10 20:19:00;0.0;;2021
2021-04-10 20:24:00;2021-04-10 20:24:00;0.0;;2021
2021-04-10 20:29:00;2021-04-10 20:29:00;0.0;;2021
2021-04-10 20:34:00;2021-04-10 20:34:00;0.0;7.99751717078158;2021
2021-04-10 20:39:00;2021-04-10 20:39:00;0.0;;2021
2021-04-10 20:44:00;2021-04-10 20:44:00;0.0;;2021
2021-04-10 20:49:00;2021-04-10 20:49:00;0.0;;2021
2021-04-10 20:54:00;2021-04-10 20:54:00;0.0;;2021
2021-04-10 20:59:00;2021-04-10 20:59:00;0.0;;2021
2021-04-10 21:04:00;2021-04-10 21:04:00;0.0;7.99751717078158;2021
2021-04-10 21:09:00;2021-04-10 21:09:00;0.0;;2021
2021-04-10 21:14:00;2021-04-10 21:14:00;0.0;;2021
2021-04-10 21:19:00;2021-04-10 21:19:00;0.0;;2021
2021-04-10 21:24:00;2021-04-10 21:24:00;0.0;;2021
2021-04-10 21:29:00;2021-04-10 21:29:00;0.0;;2021
2021-04-10 21:34:00;2021-04-10 21:34:00;0.0;;2021
2021-04-10 21:39:00;2021-04-10 21:39:00;0.0;;2021
2021-04-10 21:44:00;2021-04-10 21:44:00;0.0;;2021
2021-04-10 21:49:00;2021-04-10 21:49:00;0.0;;2021
2021-04-10 21:54:00;2021-04-10 21:54:00;0.0;;2021
2021-04-10 21:59:00;2021-04-10 21:59:00;0.0;;2021
2021-04-10 22:04:00;2021-04-10 22:04:00;0.0;7.99751717078158;2021
2021-04-10 22:09:00;2021-04-10 22:09:00;0.0;;2021
2021-04-10 22:14:00;2021-04-10 22:14:00;0.0;;2021
2021-04-10 22:19:00;2021-04-10 22:19:00;0.0;;2021
2021-04-10 22:24:00;2021-04-10 22:24:00;0.0;;2021
2021-04-10 22:29:00;2021-04-10 22:29:00;0.0;;2021
2021-04-10 22:34:00;2021-04-10 22:34:00;0.0;;2021
2021-04-10 22:39:00;2021-04-10 22:39:00;0.0;;2021
2021-04-10 22:44:00;2021-04-10 22:44:00;0.0;;2021
2021-04-10 22:49:00;2021-04-10 22:49:00;0.0;;2021
2021-04-10 22:54:00;2021-04-10 22:54:00;0.0;;2021
2021-04-10 22:59:00;2021-04-10 22:59:00;0.0;;2021
2021-04-10 23:04:00;2021-04-10 23:04:00;0.0;7.87936559477599;2021
2021-04-10 23:09:00;2021-04-10 23:09:00;0.0;;2021
2021-04-10 23:14:00;2021-04-10 23:14:00;0.0;;2021
2021-04-10 23:19:00;2021-04-10 23:19:00;0.0;;2021
2021-04-10 23:24:00;2021-04-10 23:24:00;0.0;;2021
2021-04-10 23:29:00;2021-04-10 23:29:00;0.0;;2021
2021-04-10 23:34:00;2021-04-10 23:34:00;0.0;;2021
2021-04-10 23:39:00;2021-04-10 23:39:00;0.0;;2021
2021-04-10 23:44:00;2021-04-10 23:44:00;0.0;;2021
2021-04-10 23:49:00;2021-04-10 23:49:00;0.0;;2021
2021-04-10 23:54:00;2021-04-10 23:54:00;0.0;;2021
2021-04-10 23:59:00;2021-04-10 23:59:00;0.0;;2021
2021-04-11 00:04:00;2021-04-11 00:04:00;0.0;7.76241512193519;2021
2021-04-11 00:09:00;2021-04-11 00:09:00;0.0;;2021
2021-04-11 00:14:00;2021-04-11 00:14:00;0.0;;2021
2021-04-11 00:19:00;2021-04-11 00:19:00;0.0;;2021
2021-04-11 00:24:00;2021-04-11 00:24:00;0.0;;2021
2021-04-11 00:29:00;2021-04-11 00:29:00;0.0;;2021
2021-04-11 00:34:00;2021-04-11 00:34:00;0.0;;2021
2021-04-11 00:39:00;2021-04-11 00:39:00;0.0;;2021
2021-04-11 00:44:00;2021-04-11 00:44:00;0.0;;2021
2021-04-11 00:49:00;2021-04-11 00:49:00;0.0;;2021
2021-04-11 00:54:00;2021-04-11 00:54:00;0.0;;2021
2021-04-11 00:59:00;2021-04-11 00:59:00;0.0;;2021
2021-04-11 01:04:00;2021-04-11 01:04:00;0.0;7.76241512193519;2021
2021-04-11 01:09:00;2021-04-11 01:09:00;0.0;;2021
2021-04-11 01:14:00;2021-04-11 01:14:00;0.0;;2021
2021-04-11 01:19:00;2021-04-11 01:19:00;0.0;;2021
2021-04-11 01:24:00;2021-04-11 01:24:00;0.0;;2021
2021-04-11 01:29:00;2021-04-11 01:29:00;0.0;;2021
2021-04-11 01:34:00;2021-04-11 01:34:00;0.0;;2021
2021-04-11 01:39:00;2021-04-11 01:39:00;0.0;;2021
2021-04-11 01:44:00;2021-04-11 01:44:00;0.0;;2021
2021-04-11 01:49:00;2021-04-11 01:49:00;0.0;;2021
2021-04-11 01:54:00;2021-04-11 01:54:00;0.0;;2021
2021-04-11 01:59:00;2021-04-11 01:59:00;0.0;;2021
2021-04-11 02:04:00;2021-04-11 02:04:00;0.0;7.76241512193519;2021
2021-04-11 02:09:00;2021-04-11 02:09:00;0.0;;2021
2021-04-11 02:14:00;2021-04-11 02:14:00;0.0;;2021
2021-04-11 02:19:00;2021-04-11 02:19:00;0.0;;2021
2021-04-11 02:24:00;2021-04-11 02:24:00;0.0;;2021
2021-04-11 02:29:00;2021-04-11 02:29:00;0.0;;2021
2021-04-11 02:34:00;2021-04-11 02:34:00;0.0;;2021
2021-04-11 02:39:00;2021-04-11 02:39:00;0.0;;2021
2021-04-11 02:44:00;2021-04-11 02:44:00;0.0;;2021
2021-04-11 02:49:00;2021-04-11 02:49:00;0.0;;2021
2021-04-11 02:54:00;2021-04-11 02:54:00;0.0;;2021
2021-04-11 02:59:00;2021-04-11 02:59:00;0.0;;2021
2021-04-11 03:04:00;2021-04-11 03:04:00;0.0;7.64666000399375;2021
2021-04-11 03:09:00;2021-04-11 03:09:00;0.0;;2021
2021-04-11 03:14:00;2021-04-11 03:14:00;0.0;;2021
2021-04-11 03:19:00;2021-04-11 03:19:00;0.0;;2021
2021-04-11 03:24:00;2021-04-11 03:24:00;0.0;;2021
2021-04-11 03:29:00;2021-04-11 03:29:00;0.0;;2021
2021-04-11 03:34:00;2021-04-11 03:34:00;0.0;;2021
2021-04-11 03:39:00;2021-04-11 03:39:00;0.0;;2021
2021-04-11 03:44:00;2021-04-11 03:44:00;0.0;;2021
2021-04-11 03:49:00;2021-04-11 03:49:00;0.0;;2021
2021-04-11 03:54:00;2021-04-11 03:54:00;0.0;;2021
2021-04-11 03:59:00;2021-04-11 03:59:00;0.0;;2021
2021-04-11 04:04:00;2021-04-11 04:04:00;0.0;7.53209449268621;2021
2021-04-11 04:09:00;2021-04-11 04:09:00;0.0;;2021
2021-04-11 04:14:00;2021-04-11 04:14:00;0.0;;2021
2021-04-11 04:19:00;2021-04-11 04:19:00;0.0;;2021
2021-04-11 04:24:00;2021-04-11 04:24:00;0.0;;2021
2021-04-11 04:29:00;2021-04-11 04:29:00;0.0;;2021
2021-04-11 04:34:00;2021-04-11 04:34:00;0.0;;2021
2021-04-11 04:39:00;2021-04-11 04:39:00;0.0;;2021
2021-04-11 04:44:00;2021-04-11 04:44:00;0.0;;2021
2021-04-11 04:49:00;2021-04-11 04:49:00;0.0;;2021
2021-04-11 04:54:00;2021-04-11 04:54:00;0.0;;2021
2021-04-11 04:59:00;2021-04-11 04:59:00;0.0;;2021
2021-04-11 05:04:00;2021-04-11 05:04:00;0.0;7.53209449268621;2021
2021-04-11 05:09:00;2021-04-11 05:09:00;0.0;;2021
2021-04-11 05:14:00;2021-04-11 05:14:00;0.0;;2021
2021-04-11 05:19:00;2021-04-11 05:19:00;0.0;;2021
2021-04-11 05:24:00;2021-04-11 05:24:00;0.0;;2021
2021-04-11 05:29:00;2021-04-11 05:29:00;0.0;;2021
2021-04-11 05:34:00;2021-04-11 05:34:00;0.0;;2021
2021-04-11 05:39:00;2021-04-11 05:39:00;0.0;;2021
2021-04-11 05:44:00;2021-04-11 05:44:00;0.0;;2021
2021-04-11 05:49:00;2021-04-11 05:49:00;0.0;;2021
2021-04-11 05:54:00;2021-04-11 05:54:00;0.0;;2021
2021-04-11 05:59:00;2021-04-11 05:59:00;0.0;;2021
2021-04-11 06:04:00;2021-04-11 06:04:00;0.0;7.53209449268621;2021
2021-04-11 06:09:00;2021-04-11 06:09:00;0.0;;2021
2021-04-11 06:14:00;2021-04-11 06:14:00;0.0;;2021
2021-04-11 06:19:00;2021-04-11 06:19:00;0.0;;2021
2021-04-11 06:24:00;2021-04-11 06:24:00;0.0;;2021
2021-04-11 06:29:00;2021-04-11 06:29:00;0.0;;2021
2021-04-11 06:34:00;2021-04-11 06:34:00;0.0;;2021
2021-04-11 06:39:00;2021-04-11 06:39:00;0.0;;2021
2021-04-11 06:44:00;2021-04-11 06:44:00;0.0;;2021
2021-04-11 06:49:00;2021-04-11 06:49:00;0.0;;2021
2021-04-11 06:54:00;2021-04-11 06:54:00;0.0;;2021
2021-04-11 06:59:00;2021-04-11 06:59:00;0.0;;2021
2021-04-11 07:04:00;2021-04-11 07:04:00;0.0;7.41871283974711;2021
2021-04-11 07:09:00;2021-04-11 07:09:00;0.0;;2021
2021-04-11 07:14:00;2021-04-11 07:14:00;0.0;;2021
2021-04-11 07:19:00;2021-04-11 07:19:00;0.0;;2021
2021-04-11 07:24:00;2021-04-11 07:24:00;0.0;;2021
2021-04-11 07:29:00;2021-04-11 07:29:00;0.0;;2021
2021-04-11 07:34:00;2021-04-11 07:34:00;0.0;;2021
2021-04-11 07:39:00;2021-04-11 07:39:00;0.0;;2021
2021-04-11 07:44:00;2021-04-11 07:44:00;0.0;;2021
2021-04-11 07:49:00;2021-04-11 07:49:00;0.0;;2021
2021-04-11 07:54:00;2021-04-11 07:54:00;0.0;;2021
2021-04-11 07:59:00;2021-04-11 07:59:00;0.0;;2021
2021-04-11 08:04:00;2021-04-11 08:04:00;0.0;7.53209449268621;2021
2021-04-11 08:09:00;2021-04-11 08:09:00;0.5;;2021
2021-04-11 08:14:00;2021-04-11 08:14:00;0.0;;2021
2021-04-11 08:19:00;2021-04-11 08:19:00;0.0;;2021
2021-04-11 08:24:00;2021-04-11 08:24:00;0.0;;2021
2021-04-11 08:29:00;2021-04-11 08:29:00;0.0;;2021
2021-04-11 08:34:00;2021-04-11 08:34:00;0.0;;2021
2021-04-11 08:39:00;2021-04-11 08:39:00;0.5;;2021
2021-04-11 08:44:00;2021-04-11 08:44:00;0.0;7.76241512193519;2021
2021-04-11 08:49:00;2021-04-11 08:49:00;0.0;;2021
2021-04-11 08:54:00;2021-04-11 08:54:00;0.0;;2021
2021-04-11 08:59:00;2021-04-11 08:59:00;0.0;;2021
2021-04-11 09:04:00;2021-04-11 09:04:00;0.0;7.87936559477599;2021
2021-04-11 09:09:00;2021-04-11 09:09:00;0.0;;2021
2021-04-11 09:14:00;2021-04-11 09:14:00;0.0;;2021
2021-04-11 09:19:00;2021-04-11 09:19:00;0.0;;2021
2021-04-11 09:24:00;2021-04-11 09:24:00;0.0;;2021
2021-04-11 09:29:00;2021-04-11 09:29:00;0.0;;2021
2021-04-11 09:34:00;2021-04-11 09:34:00;0.0;;2021
2021-04-11 09:39:00;2021-04-11 09:39:00;0.0;;2021
2021-04-11 09:44:00;2021-04-11 09:44:00;0.0;8.11687559821744;2021
2021-04-11 09:49:00;2021-04-11 09:49:00;0.0;;2021
2021-04-11 09:54:00;2021-04-11 09:54:00;0.0;;2021
2021-04-11 09:59:00;2021-04-11 09:59:00;0.0;;2021
2021-04-11 10:04:00;2021-04-11 10:04:00;0.0;8.237446625349;2021
2021-04-11 10:09:00;2021-04-11 10:09:00;0.0;;2021
2021-04-11 10:14:00;2021-04-11 10:14:00;0.0;;2021
2021-04-11 10:19:00;2021-04-11 10:19:00;0.0;;2021
2021-04-11 10:24:00;2021-04-11 10:24:00;0.0;8.48224947176106;2021
2021-04-11 10:29:00;2021-04-11 10:29:00;0.0;;2021
2021-04-11 10:34:00;2021-04-11 10:34:00;0.0;;2021
2021-04-11 10:39:00;2021-04-11 10:39:00;0.0;;2021
2021-04-11 10:44:00;2021-04-11 10:44:00;0.0;;2021
2021-04-11 10:49:00;2021-04-11 10:49:00;0.0;;2021
2021-04-11 10:54:00;2021-04-11 10:54:00;0.0;;2021
2021-04-11 10:59:00;2021-04-11 10:59:00;0.0;8.73197169614137;2021
2021-04-11 11:04:00;2021-04-11 11:04:00;0.0;8.85869194573325;2021
2021-04-11 11:09:00;2021-04-11 11:09:00;0.0;;2021
2021-04-11 11:14:00;2021-04-11 11:14:00;0.0;;2021
2021-04-11 11:19:00;2021-04-11 11:19:00;0.0;;2021
2021-04-11 11:24:00;2021-04-11 11:24:00;0.0;;2021
2021-04-11 11:29:00;2021-04-11 11:29:00;0.0;;2021
2021-04-11 11:34:00;2021-04-11 11:34:00;0.0;;2021
2021-04-11 11:39:00;2021-04-11 11:39:00;0.0;;2021
2021-04-11 11:44:00;2021-04-11 11:44:00;0.0;;2021
2021-04-11 11:49:00;2021-04-11 11:49:00;0.0;;2021
2021-04-11 11:54:00;2021-04-11 11:54:00;0.0;;2021
2021-04-11 11:59:00;2021-04-11 11:59:00;0.0;;2021
2021-04-11 12:04:00;2021-04-11 12:04:00;0.0;8.85869194573325;2021
2021-04-11 12:09:00;2021-04-11 12:09:00;0.0;;2021
2021-04-11 12:14:00;2021-04-11 12:14:00;0.0;;2021
2021-04-11 12:19:00;2021-04-11 12:19:00;0.0;9.11587946104772;2021
2021-04-11 12:24:00;2021-04-11 12:24:00;0.0;;2021
2021-04-11 12:29:00;2021-04-11 12:29:00;0.0;;2021
2021-04-11 12:34:00;2021-04-11 12:34:00;0.0;;2021
2021-04-11 12:39:00;2021-04-11 12:39:00;0.0;;2021
2021-04-11 12:44:00;2021-04-11 12:44:00;0.5;;2021
2021-04-11 12:49:00;2021-04-11 12:49:00;0.0;;2021
2021-04-11 12:54:00;2021-04-11 12:54:00;0.0;;2021
2021-04-11 12:59:00;2021-04-11 12:59:00;0.0;9.3781013196395;2021
2021-04-11 13:04:00;2021-04-11 13:04:00;0.0;9.3781013196395;2021
2021-04-11 13:09:00;2021-04-11 13:09:00;0.5;;2021
2021-04-11 13:14:00;2021-04-11 13:14:00;0.0;;2021
2021-04-11 13:19:00;2021-04-11 13:19:00;0.0;;2021
2021-04-11 13:24:00;2021-04-11 13:24:00;0.0;;2021
2021-04-11 13:29:00;2021-04-11 13:29:00;0.0;9.64540350763219;2021
2021-04-11 13:34:00;2021-04-11 13:34:00;0.5;9.91783201114939;2021
2021-04-11 13:39:00;2021-04-11 13:39:00;0.0;9.64540350763219;2021
2021-04-11 13:44:00;2021-04-11 13:44:00;0.0;;2021
2021-04-11 13:49:00;2021-04-11 13:49:00;0.0;9.91783201114939;2021
2021-04-11 13:54:00;2021-04-11 13:54:00;0.0;;2021
2021-04-11 13:59:00;2021-04-11 13:59:00;0.0;9.64540350763219;2021
2021-04-11 14:04:00;2021-04-11 14:04:00;0.0;9.91783201114939;2021
2021-04-11 14:09:00;2021-04-11 14:09:00;0.5;;2021
2021-04-11 14:14:00;2021-04-11 14:14:00;0.0;;2021
2021-04-11 14:19:00;2021-04-11 14:19:00;0.0;;2021
2021-04-11 14:24:00;2021-04-11 14:24:00;0.0;;2021
2021-04-11 14:29:00;2021-04-11 14:29:00;0.0;;2021
2021-04-11 14:34:00;2021-04-11 14:34:00;0.0;;2021
2021-04-11 14:39:00;2021-04-11 14:39:00;0.0;;2021
2021-04-11 14:44:00;2021-04-11 14:44:00;0.0;10.1954328163148;2021
2021-04-11 14:49:00;2021-04-11 14:49:00;0.0;;2021
2021-04-11 14:54:00;2021-04-11 14:54:00;0.0;;2021
2021-04-11 14:59:00;2021-04-11 14:59:00;0.0;;2021
2021-04-11 15:04:00;2021-04-11 15:04:00;0.0;10.3361872026791;2021
2021-04-11 15:09:00;2021-04-11 15:09:00;0.0;;2021
2021-04-11 15:14:00;2021-04-11 15:14:00;0.0;;2021
2021-04-11 15:19:00;2021-04-11 15:19:00;0.0;;2021
2021-04-11 15:24:00;2021-04-11 15:24:00;0.0;10.6216326842985;2021
2021-04-11 15:29:00;2021-04-11 15:29:00;0.0;;2021
2021-04-11 15:34:00;2021-04-11 15:34:00;0.0;;2021
2021-04-11 15:39:00;2021-04-11 15:39:00;0.0;;2021
2021-04-11 15:44:00;2021-04-11 15:44:00;0.0;;2021
2021-04-11 15:49:00;2021-04-11 15:49:00;0.0;;2021
2021-04-11 15:54:00;2021-04-11 15:54:00;0.5;;2021
2021-04-11 15:59:00;2021-04-11 15:59:00;0.0;;2021
2021-04-11 16:04:34;2021-04-11 16:04:00;0.5;10.6216326842985;2021
2021-04-11 16:09:00;2021-04-11 16:09:00;0.0;;2021
2021-04-11 16:14:40;2021-04-11 16:14:00;1.0;;2021
2021-04-11 16:19:00;2021-04-11 16:19:00;1.0;10.912365432875;2021
2021-04-11 16:24:00;2021-04-11 16:24:00;0.5;;2021
2021-04-11 16:29:00;2021-04-11 16:29:00;0.5;11.6626308811902;2021
2021-04-11 16:34:00;2021-04-11 16:34:00;0.0;12.446947694442;2021
2021-04-11 16:39:00;2021-04-11 16:39:00;0.0;;2021
2021-04-11 16:44:00;2021-04-11 16:44:00;0.5;;2021
2021-04-11 16:49:00;2021-04-11 16:49:00;0.0;;2021
2021-04-11 16:54:00;2021-04-11 16:54:00;0.0;12.1290888192253;2021
2021-04-11 16:59:00;2021-04-11 16:59:00;0.0;12.446947694442;2021
2021-04-11 17:04:00;2021-04-11 17:04:00;0.0;12.446947694442;2021
2021-04-11 17:09:00;2021-04-11 17:09:00;0.0;;2021
2021-04-11 17:14:13;2021-04-11 17:14:00;0.5;;2021
2021-04-11 17:19:00;2021-04-11 17:19:00;0.0;;2021
2021-04-11 17:24:00;2021-04-11 17:24:00;0.0;;2021
2021-04-11 17:29:00;2021-04-11 17:29:00;0.0;12.7703697533576;2021
2021-04-11 17:34:00;2021-04-11 17:34:00;0.0;;2021
2021-04-11 17:39:00;2021-04-11 17:39:00;0.0;;2021
2021-04-11 17:44:00;2021-04-11 17:44:00;0.5;13.0994009820956;2021
2021-04-11 17:49:00;2021-04-11 17:49:00;0.0;;2021
2021-04-11 17:54:00;2021-04-11 17:54:00;0.0;13.4340873667798;2021
2021-04-11 17:59:00;2021-04-11 17:59:00;0.5;;2021
2021-04-11 18:04:00;2021-04-11 18:04:00;0.0;13.7744748935337;2021
2021-04-11 18:09:00;2021-04-11 18:09:00;0.0;14.120609548481;2021
2021-04-11 18:14:00;2021-04-11 18:14:00;0.0;;2021
2021-04-11 18:19:00;2021-04-11 18:19:00;0.0;14.6506879909098;2021
2021-04-11 18:24:00;2021-04-11 18:24:00;0.0;15.0113916556313;2021
2021-04-11 18:29:00;2021-04-11 18:29:00;0.0;;2021
2021-04-11 18:34:00;2021-04-11 18:34:00;0.0;;2021
2021-04-11 18:39:00;2021-04-11 18:39:00;0.5;;2021
2021-04-11 18:44:00;2021-04-11 18:44:00;0.0;;2021
2021-04-11 18:49:00;2021-04-11 18:49:00;0.0;15.3780033999787;2021
2021-04-11 18:54:00;2021-04-11 18:54:00;0.0;;2021
2021-04-11 18:59:00;2021-04-11 18:59:00;0.0;;2021
2021-04-11 19:04:00;2021-04-11 19:04:00;0.0;15.193956143719;2021
2021-04-11 19:09:33;2021-04-11 19:09:00;0.5;;2021
2021-04-11 19:14:00;2021-04-11 19:14:00;0.0;;2021
2021-04-11 19:19:00;2021-04-11 19:19:00;0.0;;2021
2021-04-11 19:24:00;2021-04-11 19:24:00;0.0;14.83030418745;2021
2021-04-11 19:29:00;2021-04-11 19:29:00;0.0;;2021
2021-04-11 19:34:00;2021-04-11 19:34:00;0.0;;2021
2021-04-11 19:39:00;2021-04-11 19:39:00;0.0;;2021
2021-04-11 19:44:00;2021-04-11 19:44:00;0.5;14.4725373177452;2021
2021-04-11 19:49:00;2021-04-11 19:49:00;0.0;;2021
2021-04-11 19:54:00;2021-04-11 19:54:00;0.0;;2021
2021-04-11 19:59:00;2021-04-11 19:59:00;0.0;;2021
2021-04-11 20:04:00;2021-04-11 20:04:00;0.0;14.6506879909098;2021
2021-04-11 20:09:00;2021-04-11 20:09:00;0.0;;2021
2021-04-11 20:14:00;2021-04-11 20:14:00;0.0;;2021
2021-04-11 20:19:00;2021-04-11 20:19:00;0.0;;2021
2021-04-11 20:24:00;2021-04-11 20:24:00;0.0;;2021
2021-04-11 20:29:00;2021-04-11 20:29:00;0.0;;2021
2021-04-11 20:34:00;2021-04-11 20:34:00;0.0;;2021
2021-04-11 20:39:00;2021-04-11 20:39:00;0.0;;2021
2021-04-11 20:44:00;2021-04-11 20:44:00;0.0;15.0113916556313;2021
2021-04-11 20:49:00;2021-04-11 20:49:00;0.0;;2021
2021-04-11 20:54:00;2021-04-11 20:54:00;0.0;14.6506879909098;2021
2021-04-11 20:59:00;2021-04-11 20:59:00;0.0;;2021
2021-04-11 21:04:00;2021-04-11 21:04:00;0.0;14.4725373177452;2021
2021-04-11 21:09:00;2021-04-11 21:09:00;0.0;;2021
2021-04-11 21:14:00;2021-04-11 21:14:00;0.0;;2021
2021-04-11 21:19:00;2021-04-11 21:19:00;0.0;;2021
2021-04-11 21:24:00;2021-04-11 21:24:00;0.0;15.0113916556313;2021
2021-04-11 21:29:00;2021-04-11 21:29:00;0.0;;2021
2021-04-11 21:34:00;2021-04-11 21:34:00;0.0;14.2958464196908;2021
2021-04-11 21:39:00;2021-04-11 21:39:00;0.0;;2021
2021-04-11 21:44:00;2021-04-11 21:44:00;0.0;;2021
2021-04-11 21:49:00;2021-04-11 21:49:00;0.0;;2021
2021-04-11 21:54:00;2021-04-11 21:54:00;0.0;;2021
2021-04-11 21:59:00;2021-04-11 21:59:00;0.0;;2021
2021-04-11 22:04:00;2021-04-11 22:04:00;0.0;14.120609548481;2021
2021-04-11 22:09:00;2021-04-11 22:09:00;0.0;;2021
2021-04-11 22:14:00;2021-04-11 22:14:00;0.0;;2021
2021-04-11 22:19:00;2021-04-11 22:19:00;0.0;13.7744748935337;2021
2021-04-11 22:24:00;2021-04-11 22:24:00;0.0;;2021
2021-04-11 22:29:00;2021-04-11 22:29:00;0.0;;2021
2021-04-11 22:34:00;2021-04-11 22:34:00;0.0;13.4340873667798;2021
2021-04-11 22:39:00;2021-04-11 22:39:00;0.0;;2021
2021-04-11 22:44:00;2021-04-11 22:44:00;0.0;;2021
2021-04-11 22:49:00;2021-04-11 22:49:00;0.0;;2021
2021-04-11 22:54:00;2021-04-11 22:54:00;0.0;13.0994009820956;2021
2021-04-11 22:59:00;2021-04-11 22:59:00;0.0;;2021
2021-04-11 23:04:00;2021-04-11 23:04:00;0.0;12.9341813473661;2021
2021-04-11 23:09:00;2021-04-11 23:09:00;0.0;;2021
2021-04-11 23:14:00;2021-04-11 23:14:00;0.0;;2021
2021-04-11 23:19:00;2021-04-11 23:19:00;0.0;;2021
2021-04-11 23:24:00;2021-04-11 23:24:00;0.0;;2021
2021-04-11 23:29:00;2021-04-11 23:29:00;0.0;12.6079604518047;2021
2021-04-11 23:34:00;2021-04-11 23:34:00;0.0;12.287325733004;2021
2021-04-11 23:39:00;2021-04-11 23:39:00;0.0;;2021
2021-04-11 23:44:00;2021-04-11 23:44:00;0.0;;2021
2021-04-11 23:49:00;2021-04-11 23:49:00;0.0;;2021
2021-04-11 23:54:00;2021-04-11 23:54:00;0.0;;2021
2021-04-11 23:59:00;2021-04-11 23:59:00;0.0;;2021
2021-04-12 00:04:00;2021-04-12 00:04:00;0.0;12.1290888192253;2021
2021-04-12 00:09:00;2021-04-12 00:09:00;0.0;11.8167471415839;2021
2021-04-12 00:14:00;2021-04-12 00:14:00;0.0;;2021
2021-04-12 00:19:00;2021-04-12 00:19:00;0.0;;2021
2021-04-12 00:24:00;2021-04-12 00:24:00;0.0;;2021
2021-04-12 00:29:00;2021-04-12 00:29:00;0.0;;2021
2021-04-12 00:34:00;2021-04-12 00:34:00;0.0;;2021
2021-04-12 00:39:00;2021-04-12 00:39:00;0.0;;2021
2021-04-12 00:44:00;2021-04-12 00:44:00;0.0;11.5098766753941;2021
2021-04-12 00:49:00;2021-04-12 00:49:00;0.0;;2021
2021-04-12 00:54:00;2021-04-12 00:54:00;0.0;;2021
2021-04-12 00:59:00;2021-04-12 00:59:00;0.0;;2021
2021-04-12 01:04:00;2021-04-12 01:04:00;0.0;11.2084314345323;2021
2021-04-12 01:09:00;2021-04-12 01:09:00;0.0;;2021
2021-04-12 01:14:00;2021-04-12 01:14:00;0.0;;2021
2021-04-12 01:19:00;2021-04-12 01:19:00;0.0;;2021
2021-04-12 01:24:00;2021-04-12 01:24:00;0.0;;2021
2021-04-12 01:29:00;2021-04-12 01:29:00;0.0;10.912365432875;2021
2021-04-12 01:34:00;2021-04-12 01:34:00;0.0;;2021
2021-04-12 01:39:00;2021-04-12 01:39:00;0.0;;2021
2021-04-12 01:44:00;2021-04-12 01:44:00;0.0;10.6216326842985;2021
2021-04-12 01:49:00;2021-04-12 01:49:00;0.0;;2021
2021-04-12 01:54:00;2021-04-12 01:54:00;0.0;;2021
2021-04-12 01:59:00;2021-04-12 01:59:00;0.0;;2021
2021-04-12 02:04:00;2021-04-12 02:04:00;0.0;10.6216326842985;2021
2021-04-12 02:09:00;2021-04-12 02:09:00;0.0;;2021
2021-04-12 02:14:00;2021-04-12 02:14:00;0.0;10.3361872026791;2021
2021-04-12 02:19:00;2021-04-12 02:19:00;0.0;;2021
2021-04-12 02:24:00;2021-04-12 02:24:00;0.0;;2021
2021-04-12 02:29:00;2021-04-12 02:29:00;0.0;;2021
2021-04-12 02:34:00;2021-04-12 02:34:00;0.0;;2021
2021-04-12 02:39:00;2021-04-12 02:39:00;0.0;;2021
2021-04-12 02:44:00;2021-04-12 02:44:00;0.0;;2021
2021-04-12 02:49:00;2021-04-12 02:49:00;0.0;;2021
2021-04-12 02:54:00;2021-04-12 02:54:00;0.0;;2021
2021-04-12 02:59:00;2021-04-12 02:59:00;0.0;10.0559830018933;2021
2021-04-12 03:04:00;2021-04-12 03:04:00;0.0;10.0559830018933;2021
2021-04-12 03:09:00;2021-04-12 03:09:00;0.0;;2021
2021-04-12 03:14:00;2021-04-12 03:14:00;0.0;;2021
2021-04-12 03:19:00;2021-04-12 03:19:00;0.0;;2021
2021-04-12 03:24:00;2021-04-12 03:24:00;0.0;9.7809740958175;2021
2021-04-12 03:29:00;2021-04-12 03:29:00;0.0;;2021
2021-04-12 03:34:00;2021-04-12 03:34:00;0.0;;2021
2021-04-12 03:39:00;2021-04-12 03:39:00;0.0;9.511114498328;2021
2021-04-12 03:44:00;2021-04-12 03:44:00;0.0;;2021
2021-04-12 03:49:00;2021-04-12 03:49:00;0.0;;2021
2021-04-12 03:54:00;2021-04-12 03:54:00;0.0;;2021
2021-04-12 03:59:00;2021-04-12 03:59:00;0.0;;2021
2021-04-12 04:04:00;2021-04-12 04:04:00;0.0;9.511114498328;2021
2021-04-12 04:09:00;2021-04-12 04:09:00;0.0;;2021
2021-04-12 04:14:00;2021-04-12 04:14:00;0.0;;2021
2021-04-12 04:19:00;2021-04-12 04:19:00;0.0;;2021
2021-04-12 04:24:00;2021-04-12 04:24:00;0.0;;2021
2021-04-12 04:29:00;2021-04-12 04:29:00;0.0;;2021
2021-04-12 04:34:00;2021-04-12 04:34:00;0.0;;2021
2021-04-12 04:39:00;2021-04-12 04:39:00;0.0;;2021
2021-04-12 04:44:00;2021-04-12 04:44:00;0.0;;2021
2021-04-12 04:49:00;2021-04-12 04:49:00;0.0;;2021
2021-04-12 04:54:00;2021-04-12 04:54:00;0.0;9.24635822330123;2021
2021-04-12 04:59:00;2021-04-12 04:59:00;0.0;;2021
2021-04-12 05:04:00;2021-04-12 05:04:00;0.0;8.98665928461356;2021
2021-04-12 05:09:00;2021-04-12 05:09:00;0.0;;2021
2021-04-12 05:14:00;2021-04-12 05:14:00;0.0;;2021
2021-04-12 05:19:00;2021-04-12 05:19:00;0.0;;2021
2021-04-12 05:24:00;2021-04-12 05:24:00;0.0;;2021
2021-04-12 05:29:00;2021-04-12 05:29:00;0.0;;2021
2021-04-12 05:34:00;2021-04-12 05:34:00;0.0;;2021
2021-04-12 05:39:00;2021-04-12 05:39:00;0.0;;2021
2021-04-12 05:44:00;2021-04-12 05:44:00;0.0;;2021
2021-04-12 05:49:00;2021-04-12 05:49:00;0.0;;2021
2021-04-12 05:54:00;2021-04-12 05:54:00;0.0;;2021
2021-04-12 05:59:00;2021-04-12 05:59:00;0.0;;2021
2021-04-12 06:04:00;2021-04-12 06:04:00;0.0;8.85869194573325;2021
2021-04-12 06:09:00;2021-04-12 06:09:00;0.0;;2021
2021-04-12 06:14:00;2021-04-12 06:14:00;0.0;;2021
2021-04-12 06:19:00;2021-04-12 06:19:00;0.0;;2021
2021-04-12 06:24:00;2021-04-12 06:24:00;0.0;;2021
2021-04-12 06:29:00;2021-04-12 06:29:00;0.0;;2021
2021-04-12 06:34:00;2021-04-12 06:34:00;0.0;;2021
2021-04-12 06:39:00;2021-04-12 06:39:00;0.0;;2021
2021-04-12 06:44:00;2021-04-12 06:44:00;0.0;;2021
2021-04-12 06:49:00;2021-04-12 06:49:00;0.0;;2021
2021-04-12 06:54:00;2021-04-12 06:54:00;0.0;;2021
2021-04-12 06:59:00;2021-04-12 06:59:00;0.0;8.60649278757246;2021
2021-04-12 07:04:00;2021-04-12 07:04:00;0.0;8.73197169614137;2021
2021-04-12 07:09:00;2021-04-12 07:09:00;0.0;;2021
2021-04-12 07:14:00;2021-04-12 07:14:00;0.0;;2021
2021-04-12 07:19:00;2021-04-12 07:19:00;0.0;;2021
2021-04-12 07:24:00;2021-04-12 07:24:00;0.0;;2021
2021-04-12 07:29:00;2021-04-12 07:29:00;0.0;;2021
2021-04-12 07:34:00;2021-04-12 07:34:00;0.0;;2021
2021-04-12 07:39:00;2021-04-12 07:39:00;0.0;8.35923600044172;2021
2021-04-12 07:44:00;2021-04-12 07:44:00;0.0;8.60649278757246;2021
2021-04-12 07:49:00;2021-04-12 07:49:00;0.0;;2021
2021-04-12 07:54:00;2021-04-12 07:54:00;0.0;;2021
2021-04-12 07:59:00;2021-04-12 07:59:00;0.0;;2021
2021-04-12 08:04:00;2021-04-12 08:04:00;0.0;8.35923600044172;2021
2021-04-12 08:09:00;2021-04-12 08:09:00;0.0;8.60649278757246;2021
2021-04-12 08:14:00;2021-04-12 08:14:00;0.0;;2021
2021-04-12 08:19:00;2021-04-12 08:19:00;0.0;;2021
2021-04-12 08:24:00;2021-04-12 08:24:00;0.0;;2021
2021-04-12 08:29:00;2021-04-12 08:29:00;0.0;;2021
2021-04-12 08:34:00;2021-04-12 08:34:00;0.0;8.35923600044172;2021
2021-04-12 08:39:00;2021-04-12 08:39:00;0.0;;2021
2021-04-12 08:44:00;2021-04-12 08:44:00;0.0;8.73197169614137;2021
2021-04-12 08:49:00;2021-04-12 08:49:00;0.0;;2021
2021-04-12 08:54:00;2021-04-12 08:54:00;0.0;;2021
2021-04-12 08:59:00;2021-04-12 08:59:00;0.0;;2021
2021-04-12 09:04:00;2021-04-12 09:04:00;0.0;8.35923600044172;2021
2021-04-12 09:09:00;2021-04-12 09:09:00;0.0;;2021
2021-04-12 09:14:00;2021-04-12 09:14:00;0.0;;2021
2021-04-12 09:19:00;2021-04-12 09:19:00;0.0;7.99751717078158;2021
2021-04-12 09:24:00;2021-04-12 09:24:00;0.0;8.237446625349;2021
2021-04-12 09:29:00;2021-04-12 09:29:00;0.0;8.60649278757246;2021
2021-04-12 09:34:00;2021-04-12 09:34:00;0.0;8.11687559821744;2021
2021-04-12 09:39:00;2021-04-12 09:39:00;0.0;8.35923600044172;2021
2021-04-12 09:44:00;2021-04-12 09:44:00;0.0;;2021
2021-04-12 09:49:00;2021-04-12 09:49:00;0.0;;2021
2021-04-12 09:54:00;2021-04-12 09:54:00;0.0;;2021
2021-04-12 09:59:00;2021-04-12 09:59:00;0.0;;2021
2021-04-12 10:04:00;2021-04-12 10:04:00;0.0;8.35923600044172;2021
2021-04-12 10:09:00;2021-04-12 10:09:00;0.0;;2021
2021-04-12 10:14:00;2021-04-12 10:14:00;0.0;8.60649278757246;2021
2021-04-12 10:19:00;2021-04-12 10:19:00;0.0;8.237446625349;2021
2021-04-12 10:24:00;2021-04-12 10:24:00;0.0;8.48224947176106;2021
2021-04-12 10:29:00;2021-04-12 10:29:00;0.0;8.11687559821744;2021
2021-04-12 10:34:00;2021-04-12 10:34:00;0.0;8.48224947176106;2021
2021-04-12 10:39:00;2021-04-12 10:39:00;0.0;8.11687559821744;2021
2021-04-12 10:44:00;2021-04-12 10:44:00;0.0;8.35923600044172;2021
2021-04-12 10:49:00;2021-04-12 10:49:00;0.0;;2021
2021-04-12 10:54:00;2021-04-12 10:54:00;0.0;;2021
2021-04-12 10:59:00;2021-04-12 10:59:00;0.0;7.99751717078158;2021
2021-04-12 11:04:00;2021-04-12 11:04:00;0.0;8.237446625349;2021
2021-04-12 11:09:00;2021-04-12 11:09:00;0.0;7.87936559477599;2021
2021-04-12 11:14:00;2021-04-12 11:14:00;0.0;8.35923600044172;2021
2021-04-12 11:19:00;2021-04-12 11:19:00;0.0;8.60649278757246;2021
2021-04-12 11:24:00;2021-04-12 11:24:00;0.0;8.237446625349;2021
2021-04-12 11:29:00;2021-04-12 11:29:00;0.0;7.99751717078158;2021
2021-04-12 11:34:43;2021-04-12 11:34:00;0.5;8.237446625349;2021
2021-04-12 11:39:00;2021-04-12 11:39:00;0.0;;2021
2021-04-12 11:44:00;2021-04-12 11:44:00;0.0;;2021
2021-04-12 11:49:00;2021-04-12 11:49:00;0.0;7.99751717078158;2021
2021-04-12 11:54:00;2021-04-12 11:54:00;0.0;8.237446625349;2021
2021-04-12 11:59:00;2021-04-12 11:59:00;0.0;7.99751717078158;2021
2021-04-12 12:04:00;2021-04-12 12:04:00;0.0;8.35923600044172;2021
2021-04-12 12:09:00;2021-04-12 12:09:00;0.0;8.11687559821744;2021
2021-04-12 12:14:00;2021-04-12 12:14:00;0.0;;2021
2021-04-12 12:19:00;2021-04-12 12:19:00;0.0;;2021
2021-04-12 12:24:00;2021-04-12 12:24:00;0.0;;2021
2021-04-12 12:29:00;2021-04-12 12:29:00;0.0;8.35923600044172;2021
2021-04-12 12:34:00;2021-04-12 12:34:00;0.0;8.11687559821744;2021
2021-04-12 12:39:00;2021-04-12 12:39:00;0.0;;2021
2021-04-12 12:44:00;2021-04-12 12:44:00;0.0;;2021
2021-04-12 12:49:00;2021-04-12 12:49:00;0.0;;2021
2021-04-12 12:54:00;2021-04-12 12:54:00;0.0;;2021
2021-04-12 12:59:00;2021-04-12 12:59:00;0.0;;2021
2021-04-12 13:04:00;2021-04-12 13:04:00;0.0;7.99751717078158;2021
2021-04-12 13:09:00;2021-04-12 13:09:00;0.0;;2021
2021-04-12 13:14:00;2021-04-12 13:14:00;0.0;;2021
2021-04-12 13:19:00;2021-04-12 13:19:00;0.0;;2021
2021-04-12 13:24:00;2021-04-12 13:24:00;0.0;8.237446625349;2021
2021-04-12 13:29:00;2021-04-12 13:29:00;0.0;;2021
2021-04-12 13:34:00;2021-04-12 13:34:00;0.0;;2021
2021-04-12 13:39:00;2021-04-12 13:39:00;0.0;7.99751717078158;2021
2021-04-12 13:44:00;2021-04-12 13:44:00;0.0;8.237446625349;2021
2021-04-12 13:49:00;2021-04-12 13:49:00;0.0;;2021
2021-04-12 13:54:00;2021-04-12 13:54:00;0.0;7.99751717078158;2021
2021-04-12 13:59:00;2021-04-12 13:59:00;0.0;;2021
2021-04-12 14:04:00;2021-04-12 14:04:00;0.0;7.99751717078158;2021
2021-04-12 14:09:00;2021-04-12 14:09:00;0.0;;2021
2021-04-12 14:14:00;2021-04-12 14:14:00;0.0;;2021
2021-04-12 14:19:00;2021-04-12 14:19:00;0.0;7.76241512193519;2021
2021-04-12 14:24:00;2021-04-12 14:24:00;0.0;7.99751717078158;2021
2021-04-12 14:29:00;2021-04-12 14:29:00;0.0;;2021
2021-04-12 14:34:00;2021-04-12 14:34:00;0.0;;2021
2021-04-12 14:39:00;2021-04-12 14:39:00;0.0;;2021
2021-04-12 14:44:00;2021-04-12 14:44:00;0.0;8.60649278757246;2021
2021-04-12 14:49:00;2021-04-12 14:49:00;0.0;7.99751717078158;2021
2021-04-12 14:54:00;2021-04-12 14:54:00;0.0;8.237446625349;2021
2021-04-12 14:59:00;2021-04-12 14:59:00;0.0;7.87936559477599;2021
2021-04-12 15:04:00;2021-04-12 15:04:00;0.0;7.99751717078158;2021
2021-04-12 15:09:00;2021-04-12 15:09:00;0.0;;2021
2021-04-12 15:14:00;2021-04-12 15:14:00;0.0;;2021
2021-04-12 15:19:00;2021-04-12 15:19:00;0.0;;2021
2021-04-12 15:24:00;2021-04-12 15:24:00;0.0;7.76241512193519;2021
2021-04-12 15:29:00;2021-04-12 15:29:00;0.0;7.99751717078158;2021
2021-04-12 15:34:00;2021-04-12 15:34:00;0.0;7.76241512193519;2021
2021-04-12 15:39:00;2021-04-12 15:39:00;0.0;;2021
2021-04-12 15:44:00;2021-04-12 15:44:00;0.0;;2021
2021-04-12 15:49:00;2021-04-12 15:49:00;0.0;;2021
2021-04-12 15:54:00;2021-04-12 15:54:00;0.0;;2021
2021-04-12 15:59:00;2021-04-12 15:59:00;0.0;;2021
2021-04-12 16:04:00;2021-04-12 16:04:00;0.0;7.76241512193519;2021
2021-04-12 16:09:00;2021-04-12 16:09:00;0.0;7.99751717078158;2021
2021-04-12 16:14:00;2021-04-12 16:14:00;0.0;7.76241512193519;2021
2021-04-12 16:19:00;2021-04-12 16:19:00;0.0;;2021
2021-04-12 16:24:00;2021-04-12 16:24:00;0.0;;2021
2021-04-12 16:29:00;2021-04-12 16:29:00;0.0;;2021
2021-04-12 16:34:00;2021-04-12 16:34:00;0.0;;2021
2021-04-12 16:39:00;2021-04-12 16:39:00;0.0;;2021
2021-04-12 16:44:00;2021-04-12 16:44:00;0.0;;2021
2021-04-12 16:49:00;2021-04-12 16:49:00;0.0;;2021
2021-04-12 16:54:00;2021-04-12 16:54:00;0.0;;2021
2021-04-12 16:59:00;2021-04-12 16:59:00;0.0;;2021
2021-04-12 17:04:00;2021-04-12 17:04:00;0.0;7.76241512193519;2021
2021-04-12 17:09:00;2021-04-12 17:09:00;0.0;;2021
2021-04-12 17:14:00;2021-04-12 17:14:00;0.0;;2021
2021-04-12 17:19:00;2021-04-12 17:19:00;0.0;;2021
2021-04-12 17:24:00;2021-04-12 17:24:00;0.0;;2021
2021-04-12 17:29:00;2021-04-12 17:29:00;0.0;;2021
2021-04-12 17:34:00;2021-04-12 17:34:00;0.0;;2021
2021-04-12 17:39:00;2021-04-12 17:39:00;0.0;;2021
2021-04-12 17:44:00;2021-04-12 17:44:00;0.0;;2021
2021-04-12 17:49:00;2021-04-12 17:49:00;0.0;;2021
2021-04-12 17:54:00;2021-04-12 17:54:00;0.0;;2021
2021-04-12 17:59:00;2021-04-12 17:59:00;0.0;;2021
2021-04-12 18:04:00;2021-04-12 18:04:00;0.0;7.76241512193519;2021
2021-04-12 18:09:00;2021-04-12 18:09:00;0.0;;2021
2021-04-12 18:14:00;2021-04-12 18:14:00;0.0;;2021
2021-04-12 18:19:00;2021-04-12 18:19:00;0.0;;2021
2021-04-12 18:24:00;2021-04-12 18:24:00;0.0;;2021
2021-04-12 18:29:00;2021-04-12 18:29:00;0.0;;2021
2021-04-12 18:34:00;2021-04-12 18:34:00;0.0;;2021
2021-04-12 18:39:00;2021-04-12 18:39:00;0.0;;2021
2021-04-12 18:44:00;2021-04-12 18:44:00;0.0;;2021
2021-04-12 18:49:00;2021-04-12 18:49:00;0.0;;2021
2021-04-12 18:54:00;2021-04-12 18:54:00;0.0;;2021
2021-04-12 18:59:00;2021-04-12 18:59:00;0.0;;2021
2021-04-12 19:04:00;2021-04-12 19:04:00;0.0;7.64666000399375;2021
2021-04-12 19:09:00;2021-04-12 19:09:00;0.0;;2021
2021-04-12 19:14:00;2021-04-12 19:14:00;0.0;;2021
2021-04-12 19:19:00;2021-04-12 19:19:00;0.0;7.87936559477599;2021
2021-04-12 19:24:00;2021-04-12 19:24:00;0.0;7.53209449268621;2021
2021-04-12 19:29:00;2021-04-12 19:29:00;0.0;;2021
2021-04-12 19:34:00;2021-04-12 19:34:00;0.0;;2021
2021-04-12 19:39:00;2021-04-12 19:39:00;0.0;;2021
2021-04-12 19:44:00;2021-04-12 19:44:00;0.0;;2021
2021-04-12 19:49:00;2021-04-12 19:49:00;0.0;;2021
2021-04-12 19:54:00;2021-04-12 19:54:00;0.0;;2021
2021-04-12 19:59:00;2021-04-12 19:59:00;0.0;;2021
2021-04-12 20:04:00;2021-04-12 20:04:00;0.0;7.41871283974711;2021
2021-04-12 20:09:00;2021-04-12 20:09:00;0.0;7.64666000399375;2021
